Title,Points,Url,Time_Posted
How Dynamic Programming Controls US Currency,1,http://samuelstern.wordpress.com/2013/04/01/dynamic-programming-and-us-currency/,01 04 01:00,"[(u'1', 8), (u'0', 7), (u'greedy', 7), (u'denominations', 7), (u'currency', 7), (u'algorithm', 7), (u'coins', 6)]"
Faker.js - Generate massive amounts of fake data in the browser and node.js,1,https://github.com/marak/Faker.js/,01 04 01:00,"[(u'faker', 14), (u'software', 9), (u'js', 8), (u'var', 7), (u'19', 6), (u'perf', 6), (u'arrays', 6)]"
Show HN: Outpost - A trip planner for P2P market places only ,1,http://outpostp2p.com/,01 04 01:00,"[(u'outpost', 3), (u'peer', 2), (u'p2p', 2), (u'summer', 1), (u'code', 1), (u'madness', 1), (u'mija', 1)]"
"Announcing The ""Good Things Come to Those Who Code"" Campaign",1,http://www.avc.com/a_vc/2013/04/announcing-the-good-things-come-to-those-who-code-campaign.html?utm_source=feedburner&utm_medium=feed&utm_campaign=Feed%3A+AVc+%28A+VC%29,01 04 01:00,"[(u'rss', 1675), (u'schools', 11), (u'code', 8), (u'students', 6), (u'good', 5), (u'campaign', 5), (u'learn', 5)]"
"Twitter Announces ""Twttr""  Starts Charging $5/Month To Tweet Using Vowels",1,http://techcrunch.com/2013/03/31/twitter-announces-twttr-will-start-charging-5-a-month-if-you-want-to-tweet-using-vowels/,01 04 01:00,"[(u'vip', 3436), (u'twitter', 15), (u'vowels', 8), (u'twttr', 6), (u'tweet', 5), (u'3', 5), (u'5', 5)]"
The makers of Forcast release Skycons as open source,1,http://thechangelog.com/skycons-from-the-makers-of-dark-sky-and-forcast-released-as-open-source/,01 04 01:00,"[(u'mt', 652), (u'source', 3), (u'skycons', 3), (u'set', 3), (u'makers', 3), (u'climacons', 3), (u'adam', 3)]"
How to throw a party at a professional games conference,1,http://www.forbes.com/sites/carolpinchefsky/2013/03/31/how-to-have-a-good-party-at-a-gdc-and-other-professional-games-conventions/,01 04 01:00,"[(u'reserved', 3685), (u'party', 20), (u'parties', 12), (u'people', 11), (u'games', 10), (u'dancers', 7), (u'gdc', 7)]"
Defense Distributed and DefCad Seized,3,http://www.defcad.org/,01 04 00:00,[]
Tesla Model S Sales Exceed Target,20,http://www.teslamotors.com/about/press/releases/tesla-model-s-sales-exceed-target,01 04 00:00,"[(u'situations', 307), (u'teslamotors', 7), (u'1', 6), (u'44', 4), (u'tesla', 4), (u'1628', 4), (u'888', 2)]"
NodeFly Switching from Node.js Monitoring to Digital Rain Profiling,1,http://blog.nodefly.com/post/46825286367/its-alive-nodefly-switching-from-node-js-monitoring,01 04 00:00,"[(u'tumblr', 898), (u'nodefly', 10), (u'digital', 8), (u'node', 7), (u'js', 7), (u'rain', 7), (u'code', 6)]"
Google Nose (Beta),1,http://www.google.com/intl/en/landing/nose,01 04 00:00,"[(u'terms', 424), (u'google', 5), (u'nosebeta', 3), (u'smell', 3), (u""don't"", 2), (u'experience', 2), (u'system', 1)]"
On take-off runway with a chance of runaway growth: a case of social products,1,http://www.forbes.com/sites/limyunghui/2013/04/01/on-take-off-runway-with-a-chance-of-runaway-growth-a-case-of-social-products/,01 04 00:00,"[(u'reserved', 4255), (u'users', 19), (u'social', 14), (u'product', 14), (u'user', 12), (u'growth', 11), (u'products', 9)]"
Google Adds 'Treasure Maps' for April Fools' Day,2,http://mashable.com/2013/03/31/google-april-fools-2/,01 04 00:00,"[(u'9', 15), (u'6', 13), (u'4', 13), (u'2', 11), (u'7', 10), (u'3', 10), (u""'"", 9)]"
Google introducing Gmail Blue,5,http://gmail.com/blue/,01 04 00:00,"[(u'terms', 55), (u'caption', 2), (u'beautiful', 1), (u'businessmobilehelpour', 1), (u'create', 1), (u'gmailfeatureshelp', 1), (u'powerful', 1)]"
Check Your Google Real Time Analytics: International Space Station gag,1,http://news.ycombinator.com/item?id=5471500,01 04 00:00,"[(u'library', 277), (u'ago', 4), (u'google', 3), (u'analytics', 3), (u'station', 3), (u'space', 3), (u'international', 3)]"
Apple. China. Cyberwar.,1,http://tech.fortune.cnn.com/2013/03/31/apple-china-hackers-tradewar/,01 04 00:00,"[(u'vip', 1645), (u'apple', 12), (u'china', 6), (u'chinese', 4), (u'elmer', 4), (u'2', 4), (u'cyberwar', 4)]"
Evolution versus Intelligent Design: a mathematician's view,1,http://web.maths.unsw.edu.au/~norman/papers/IntelligentDesignhtml/IntelligentDesign1.htm,01 04 00:00,"[(u'grind', 18781), (u'world', 33), (u'tree', 27), (u'stern', 26), (u'brocot', 26), (u'circles', 23), (u'mathematical', 23)]"
Ornate rug made from computer parts,1,http://www.thisiscolossal.com/2013/03/an-ornate-rug-made-entirely-of-computer-parts/,01 04 00:00,"[(u'jobson', 932), (u'colossal', 7), (u'computer', 4), (u'video', 4), (u'follow', 3), (u'christopher', 3), (u'art', 3)]"
STITX is a stick-on organizer for your laptop,1,http://www.indiegogo.com/projects/stitx,01 04 00:00,"[(u'reserved', 4000), (u'stitx', 45), (u'pocket', 16), (u'singapore', 14), (u'1', 11), (u'free', 10), (u'july', 9)]"
Misinformation on crowdfunding projects,1,http://blog.geeksphere.net/2013/04/01/misinformation-on-crowdfunding-projects/,01 04 00:00,"[(u'8', 7), (u'crowdfunding', 7), (u'projects', 6), (u'geeksphere', 4), (u'10', 4), (u'misinformation', 4), (u'watts', 4)]"
OkCupid Labs SF announces new service: DateCourier,2,http://www.okcupidlabs.com/blog/2013/03/30/Date-Courier.html,01 04 00:00,[]
"I'd Like To Hire You, But You Have A Startup",2,http://www.reddit.com/r/startups/comments/1behfj/id_like_to_hire_you_but_you_have_a_startup/,01 04 00:00,"[(u'240ddd5', 1354), (u'0', 22), (u'aria', 12), (u'role', 12), (u""votehash'"", 12), (u'button', 12), (u'event', 12)]"
Programming Best Practices Tidbits,1,https://github.com/thomasdavis/best-practices#programming-best-practices-tidbits,01 04 00:00,"[(u'code', 22), (u'write', 19), (u'http', 19), (u'rule', 17), (u'source', 14), (u'should', 11), (u'software', 10)]"
Browserify v2 adds source maps,1,http://thlorenz.com/blog/browserify-sourcemaps,01 04 00:00,"[(u'source', 47), (u'map', 26), (u'browserify', 21), (u'bundle', 20), (u'maps', 19), (u'js', 15), (u'file', 15)]"
Airlied: on open source development and disagreements,1,http://airlied.livejournal.com/77102.html,01 04 00:00,"[(u'reserved', 1900), (u'source', 9), (u'open', 8), (u'people', 7), (u'development', 6), (u'public', 5), (u""can't"", 4)]"
End of the wither mechanic?,1,http://iteratingfun.com/post/46818833138/wither-social-game-mechanic,01 04 00:00,"[(u'newstead', 2261), (u'wither', 11), (u'players', 8), (u'time', 8), (u'game', 7), (u'mechanic', 7), (u'return', 7)]"
"EA says DRM a 'failed, dead-end strategy'",1,http://www.gamespot.com/events/gdc-2013/story.html?sid=6406094,01 04 00:00,"[(u'5pts', 50), (u'game', 38), (u'ea', 33), (u'drm', 32), (u'online', 27), (u'games', 23), (u'1', 21)]"
Most interesting programming project in medicine you've seen,1,http://news.ycombinator.com/item?id=5471385,01 04 00:00,"[(u'library', 295), (u'programming', 4), (u""you've"", 3), (u'interesting', 2), (u'health', 2), (u'medicine', 2), (u'news', 2)]"
New book shares insights from Steve Jobs' 1st boss,1,http://www.google.com/hostednews/ap/article/ALeqM5gZY1cysT3dLA3MgGwO7V33m1hmxw,01 04 00:00,"[(u'home', 4681), (u'bushnell', 30), (u'jobs', 20), (u'atari', 13), (u'apple', 10), (u'work', 9), (u'steve', 8)]"
U-M takes first step towards teleportation,1,https://www.youtube.com/watch?v=XHjczeJIooc,01 04 00:00,"[(u'note', 2037), (u'sign', 28), (u'youtube', 23), (u'views', 12), (u'loading', 11), (u'add', 8), (u'picasa', 7)]"
ISIS Lab Fixes Security,1,https://isisblogs.poly.edu/2013/04/01/we-solved-security/,01 04 00:00,"[(u'wordpress', 1048), (u'1', 11), (u'2011', 9), (u'security', 9), (u'4', 8), (u'2012', 6), (u'march', 6)]"
Startup looks to re-invent the resume for design students.,1,http://news.ycombinator.com/item?id=5471357,01 04 00:00,"[(u'library', 379), (u'invent', 4), (u'resume', 4), (u'1', 3), (u'design', 2), (u'news', 2), (u'students', 2)]"
Launching a startup can be difficult.,1,http://lootbag.co,01 04 00:00,"[(u'friends', 4), (u'freebies', 3), (u'follow', 2), (u'launch', 2), (u'loot', 2), (u'sticker', 1), (u'startup', 1)]"
JavaScriptCore LLVM JIT landed,1,http://trac.webkit.org/changeset/147259,01 04 00:00,"[(u'apple', 3533), (u'ftl', 164), (u'jsc', 137), (u'output', 47), (u'lowerdfgtollvm', 43), (u'added', 29), (u'javascriptcore', 29)]"
My weekend game project for a year now,1,http://rpg.mo.ee/?hackernews=5,01 04 00:00,"[(u'mosaveeditor', 1039), (u'1', 29), (u'mos', 17), (u'0', 10), (u'points', 10), (u'free', 6), (u'99', 5)]"
Show HN: Play the same audio/same time on iPhones &amp; PCs to create 1 big stereo.,1,http://speakerblast.com,01 04 00:00,"[(u'3g', 199), (u'www', 2), (u'speaker', 2), (u'watch', 2), (u'youtube', 2), (u'loud', 2), (u'devicesblogaboutcreate', 1)]"
World Backup Day  March 31st,1,http://www.worldbackupday.com/?,01 04 00:00,"[(u'legal', 2164), (u'backup', 22), (u'world', 9), (u""it's"", 9), (u'important', 8), (u'files', 7), (u'day', 7)]"
USPTO Refuses Apple's iPad mini Trademark Application,2,http://www.scribd.com/doc/133137604/USPTO-Refuses-Apple-s-iPad-mini-Trademark-Application,01 04 00:00,"[(u'continue', 5101), (u'applicant', 28), (u'descriptive', 23), (u'mark', 18), (u'goods', 13), (u'term', 11), (u'internet', 10)]"
HBO: 'Game of Thrones' piracy is a compliment,1,http://insidetv.ew.com/2013/03/31/hbo-thrones-piracy/,01 04 00:00,"[(u'thrones', 21), (u'season', 18), (u'tv', 13), (u'game', 13), (u'show', 12), (u'hbo', 10), (u'3', 10)]"
BinaryScript coverts developer code into BS (April Fools Prank),1,http://binaryscript.net/ContentPage/Generate_BinaryScript,01 04 00:00,"[(u'2013', 310), (u'bs', 5), (u'brainchild', 1), (u'version', 1), (u'apr', 1), (u'craig', 1), (u'01111101', 1)]"
A Romantic Tale of Deferrals and Promises,1,http://wmilesn.com/2012/02/code/having-some-fun-with-jquery-done-a-k-a-a-romantic-tale-of-deferrals-and-promises/,01 04 00:00,"[(u'nathan', 2182), (u'function', 10), (u'jquery', 9), (u'tommy', 7), (u'javascript', 6), (u'letsgetiton', 5), (u'number', 5)]"
Google Analytics says the ISS has 41 viewers on your site,2,http://news.ycombinator.com/item?id=5471315,01 04 00:00,"[(u'library', 181), (u'analytics', 3), (u'41', 2), (u'news', 2), (u'viewers', 2), (u'iss', 2), (u'google', 1)]"
Gmail Blue,1,http://gmail.com/blue,01 04 00:00,"[(u'terms', 55), (u'caption', 2), (u'beautiful', 1), (u'businessmobilehelpour', 1), (u'create', 1), (u'gmailfeatureshelp', 1), (u'powerful', 1)]"
The angels helping Indian start-ups spread their wings,1,http://www.bbc.co.uk/news/business-21787615,01 04 00:00,"[(u'start', 14), (u'india', 10), (u'bbc', 9), (u'business', 9), (u'angel', 8), (u'ups', 7), (u'angels', 7)]"
The Time Indiana Tried to Change Pi to 3.2,1,http://mentalfloss.com/article/30214/new-math-time-indiana-tried-change-pi-32,01 04 00:00,"[(u'denied', 4078), (u'goodwin', 18), (u'pi', 16), (u'bill', 16), (u'indiana', 13), (u'3', 10), (u'math', 9)]"
"Pony OS, a new operating system built from scratch",1,http://www.ponyos.org,01 04 00:00,"[(u'day', 1174), (u'ponyos', 14), (u'disk', 7), (u'scratch', 3), (u'kernel', 3), (u'os', 3), (u'image', 3)]"
Ask HN: Have you considered writing a book with the aid of AI?,1,http://news.ycombinator.com/item?id=5471284,01 04 00:00,"[(u'library', 364), (u'writing', 4), (u'1', 4), (u'book', 4), (u'ai', 3), (u'hn', 3), (u'news', 3)]"
Google Treasure Maps,2,"http://maps.google.com/maps?q=San+Francisco,+CA&hl=en&sll=21.521757,-77.781167&sspn=14.500211,14.875488&oq=san+fran&t=8&gl=us&hnear=San+Francisco,+California&z=12",01 04 00:00,"[(u'map', 709), (u'google', 7), (u'san', 6), (u'francisco', 6), (u'ad', 5), (u'hotel', 5), (u'maps', 5)]"
I found today's Google Doodle a Bit Overt (funny),1,http://jesuschristsiliconvalley.tumblr.com/post/46794999727/i-found-todays-google-doodle-a-bit-overt-but,01 04 00:00,"[(u'tumblr', 190), (u'jesus', 4), (u'christ', 3), (u'google', 2), (u'doodle', 2), (u'today', 2), (u'bit', 2)]"
"Dude, whats wrong with my Internet speed?",1,http://www.thehindu.com/sci-tech/technology/internet/dude-whats-wrong-with-my-internet-speed/article4564798.ece?homepage=true,31 03 23:00,"[(u'hindu', 4133), (u'cable', 11), (u'cables', 11), (u'traffic', 10), (u'4', 9), (u'india', 8), (u'smw', 8)]"
A JS web app for building character(s),1,http://littlehat.com/cbuildr/,31 03 23:00,"[(u'github', 37), (u'download', 2), (u'builder', 1), (u'character', 1), (u'image', 1), (u'save', 1), (u'click', 1)]"
Show HN: April Fool's Pranks,58,http://news.ycombinator.com/item?id=5471242,31 03 23:00,"[(u'library', 2945), (u'ago', 41), (u'minutes', 21), (u'1', 19), (u'hour', 17), (u'http', 14), (u'www', 14)]"
Google Nose: April fools' day prank,3,http://www.google.com/intl/en/landing/nose/,31 03 23:00,"[(u'terms', 424), (u'google', 5), (u'nosebeta', 3), (u'smell', 3), (u""don't"", 2), (u'experience', 2), (u'system', 1)]"
Google April Fool Joke,1,http://www.merocampus.com/blog/2013/04/01/merocampus-visited-from-international-space-station-google-april-fool-joke,31 03 23:00,"[(u'software', 553), (u'space', 4), (u'international', 4), (u'visited', 4), (u'google', 3), (u'powered', 3), (u'merocampus', 3)]"
Gmail Blue: April fools' day prank,2,http://www.gmail.com/blue,31 03 23:00,"[(u'terms', 55), (u'caption', 2), (u'beautiful', 1), (u'businessmobilehelpour', 1), (u'create', 1), (u'gmailfeatureshelp', 1), (u'powerful', 1)]"
Cesar Chavez Google doodle on Easter Sunday outrages conservatives online,2,http://www.guardian.co.uk/technology/us-news-blog/2013/mar/31/cesar-chavez-google-doodle-easter,31 03 23:00,"[(u'guardian', 16), (u'google', 16), (u'sunday', 14), (u'chavez', 11), (u'easter', 9), (u'doodle', 8), (u'cesar', 7)]"
Youtube April Fools' Day Prank,1,https://www.youtube.com/youtube,31 03 23:00,"[(u'note', 5981), (u'views', 90), (u'youtube', 74), (u'http', 61), (u'watc', 45), (u'www', 45), (u'1', 30)]"
How Often is an Average Programmer Expected to Reach Flow?,1,http://programmers.stackexchange.com/questions/193483/how-often-is-an-average-programmer-expected-to-reach-flow,31 03 23:00,"[(u'enabled', 3877), (u'flow', 19), (u'programmers', 12), (u'hours', 9), (u'state', 8), (u'giorgio', 6), (u'code', 6)]"
Tonyg/js-nacl,2,https://github.com/tonyg/js-nacl,31 03 23:00,"[(u'nacl', 81), (u'tonyg', 21), (u'uint8array', 18), (u'js', 17), (u'30', 13), (u'api', 13), (u'key', 13)]"
"Announcing Repsheet, An Attack Detection and Visualization Tool for Apache",2,https://github.com/abedra/repsheet,31 03 23:00,"[(u'repsheet', 33), (u'ip', 21), (u'abedra', 19), (u'modsecurity', 15), (u'31', 13), (u'redis', 12), (u'request', 12)]"
The cost of gambling in Britain today: get the data,1,http://www.guardian.co.uk/news/datablog/2013/feb/11/cost-of-gambling-britain-today-data,31 03 23:00,"[(u'data', 30), (u'west', 21), (u'gambling', 17), (u'north2', 17), (u'north', 17), (u'south', 16), (u'east', 14)]"
Introducing Gmail Blue | Official Gmail Blog,8,http://gmailblog.blogspot.com/2013/03/introducing-gmail-blue.html,31 03 23:00,"[(u'blue', 19), (u'gmail', 2), (u'blog', 1), (u'introducing', 1), (u'official', 1)]"
Google Introduces Gmail Blue  Its Completely Blue,2,http://techcrunch.com/2013/03/31/google-introduces-gmail-blue-its-completely-blue-because-brown-was-a-disaster/,31 03 23:00,"[(u'vip', 2956), (u'google', 17), (u'gmail', 13), (u'blue', 12), (u'service', 6), (u'3', 6), (u'email', 5)]"
"Youth flock to mobile messaging apps, may be threat to Facebook",1,http://www.reuters.com/article/2013/03/31/net-us-mobile-apps-facebook-idUSBRE92U09C20130331,31 03 23:00,"[(u'messaging', 23), (u'facebook', 21), (u'apps', 17), (u'app', 13), (u'reuters', 12), (u'social', 11), (u'mar', 10)]"
"My Common Lisp game ""2x0ng"" was featured on indie gaming site Tigsource today",1,http://www.tigsource.com/2013/03/31/2x0ng/,31 03 23:00,"[(u'illustrated', 1018), (u'1', 6), (u'6', 5), (u'games', 4), (u'2', 4), (u'community', 3), (u'strategy', 3)]"
Factorie: Probabilistic programming with imperatively-defined factor graphs,2,https://code.google.com/p/factorie/,31 03 23:00,"[(u'hosting', 579), (u'0', 5), (u'part', 5), (u'google', 3), (u'factorie', 3), (u'project', 3), (u'1', 3)]"
Copyright wars are damaging the health of the internet,1,http://www.guardian.co.uk/technology/blog/2013/mar/28/copyright-wars-internet,31 03 23:00,"[(u'internet', 26), (u'guardian', 14), (u'wars', 11), (u'entertainment', 11), (u'copyright', 9), (u'industry', 9), (u'digital', 8)]"
"As OSHA Emphasizes Safety, Long-Term Health Risks Fester",1,http://www.nytimes.com/2013/03/31/us/osha-emphasizes-safety-health-risks-fester.html,31 03 23:00,"[(u'feedback', 17131), (u'workers', 51), (u'royale', 42), (u'osha', 38), (u'npb', 29), (u'glue', 26), (u'ms', 24)]"
Designing an Authentication System: a Dialogue in Four Scenes,2,http://web.mit.edu/Kerberos/dialogue.html,31 03 23:00,"[(u'ticket', 215), (u'service', 112), (u'athena', 81), (u'charon', 76), (u'euripides', 74), (u'mail', 71), (u'server', 68)]"
Morning Alarm with Volume Fader  Day 1 | Hacking Input,2,http://hackinginput.wordpress.com/2013/04/01/morning-alarm-with-volume-fader-day-1/,31 03 23:00,"[(u'sleep', 37), (u'hours', 24), (u'waking', 18), (u'day', 17), (u'wake', 14), (u'time', 14), (u'work', 12)]"
Larry Smith: Why you will fail to have a great career,4,http://www.ted.com/talks/larry_smith_why_you_will_fail_to_have_a_great_career.html?source=facebook#.UVjZk_l0snd.facebook,31 03 23:00,"[(u'policycontact', 7939), (u'great', 29), (u""you're"", 25), (u'laughter', 22), (u'career', 21), (u""i'm"", 16), (u'passion', 16)]"
"Ask HN: Are you familiar with this new ""Expert Chat"" in StackOverflow?",2,http://news.ycombinator.com/item?id=5471141,31 03 23:00,"[(u'library', 199), (u'2', 3), (u'chat', 2), (u'expert', 2), (u'hours', 2), (u'hn', 2), (u'stackoverflow', 2)]"
"Bullseye from 1,000 yards: Shooting the $17,000 Linux-powered rifle",79,http://arstechnica.com/gadgets/2013/03/bullseye-from-1000-yards-shooting-the-17000-linux-powered-rifle/,31 03 23:00,"[(u'choices', 5485), (u'scope', 16), (u'target', 16), (u'ars', 12), (u'range', 11), (u'trigger', 11), (u'rifle', 10)]"
ChristianMingle.com actually built by Jews,1,http://www.sfchronicle.com/technology/article/ChristianMingle-com-big-business-4393218.php,31 03 23:00,"[(u'privacy', 4), (u'big', 3), (u'print', 3), (u'christianmingle', 3), (u'move', 2), (u'activated', 2), (u'policy', 2)]"
Gmail Blue,3,http://www.youtube.com/watch?v=Zr4JwPb99qU,31 03 22:00,"[(u'note', 4082), (u'sign', 88), (u'youtube', 86), (u'google', 60), (u'gmail', 30), (u'comment', 28), (u'picasa', 27)]"
"Compress, encrypt, and hide messages inside of PNG files",1,https://github.com/jspark311/BuriedUnderTheNoiseFloor,31 03 22:00,"[(u'commit', 5), (u'jspark311', 4), (u'22', 4), (u'initial', 4), (u'php', 4), (u'show', 3), (u'2013github', 3)]"
Blog Or Get Off The Pot (2006),34,http://steve-yegge.blogspot.com/2006/03/blog-or-get-off-pot.html,31 03 22:00,"[(u'posts', 18092), (u'blog', 52), (u'comments', 41), (u'2006', 34), (u""it's"", 33), (u'march', 27), (u'time', 27)]"
Introducing Gmail Tap,1,http://gmailblog.blogspot.com/2012/03/introducing-gmail-tap.html#hn,31 03 22:00,"[(u'tap', 19), (u'gmail', 2), (u'blog', 1), (u'introducing', 1), (u'official', 1)]"
Google Translate Gets Personalized Phrasebook,1,"http://www.pcmag.com/article2/0,2817,2416639,00.asp",31 03 22:00,"[(u'prohibited', 6097), (u'data', 194), (u'type', 96), (u'link', 51), (u'text', 49), (u'section', 48), (u'category', 48)]"
Introducing Google Nose,1,https://www.google.com/intl/en/landing/nose/help.html,31 03 22:00,"[(u'terms', 220), (u'google', 4), (u'nosebeta', 3), (u'protocol', 1), (u'congestion', 1), (u'system', 1), (u'licking', 1)]"
The Big Roundtable Rethinks Editorial Model For Long-Form Journalism,1,http://techcrunch.com/2013/03/31/big-roundtable-kickstarter/?utm_source=feedburner&utm_medium=feed&utm_campaign=Feed%3A+Techcrunch+%28TechCrunch%29,31 03 22:00,"[(u'vip', 3880), (u'shapiro', 16), (u'journalism', 9), (u'big', 8), (u'roundtable', 7), (u'group', 6), (u'techcrunch', 5)]"
Goodbye Apple iPhone? Wearable Tech Is Coming,1,http://www.cnbc.com/id/100597335,31 03 22:00,"[(u'nbcuniversal', 4345), (u'google', 17), (u'apple', 15), (u'technology', 11), (u'cnbc', 11), (u'tech', 10), (u'wearable', 10)]"
AprilFools Google Chrome extension,1,https://chrome.google.com/webstore/detail/aprilfools/imkdafnalljikgogmjdccklndcdbfnng,31 03 22:00,"[(u'wesbos', 202), (u'aprilfools', 3), (u'chrome', 2), (u'workers', 2), (u'google', 1), (u'text', 1), (u'library', 1)]"
Calling hackers for internship this summer,1,http://gist.io/5277277,31 03 22:00,"[(u'seconds', 43), (u'gist', 2), (u'io', 2), (u'hackers', 1), (u'setup', 1), (u'publish', 1), (u'writing', 1)]"
The single export pattern,1,http://blog.ezyang.com/2013/03/the-single-export-pattern/,31 03 22:00,"[(u'manifest', 907), (u'sayhello', 8), (u'export', 6), (u'module', 5), (u'single', 5), (u'map', 5), (u'pattern', 4)]"
ActiveMQ Message Priorities: How it works,1,http://www.christianposta.com/blog/?p=289,31 03 22:00,"[(u'online', 6220), (u'messages', 53), (u'priority', 53), (u'message', 29), (u'activemq', 15), (u'broker', 15), (u'store', 14)]"
Freenode April 1st quiz,1,https://blog.freenode.net/2013/03/insert-witty-title-here/,31 03 22:00,"[(u'wordpress', 295), (u'witty', 2), (u'richih', 2), (u'title', 2), (u'april', 2), (u'powered', 1), (u'staffblogstaffblogtrying', 1)]"
The harm done by tests of significance,1,http://andrewgelman.com/2013/03/25/the-harm-done-by-tests-of-significance/,31 03 22:00,"[(u'f2', 40108), (u'2013', 108), (u'march', 106), (u'reply', 88), (u'comment', 88), (u'data', 75), (u'pm', 74)]"
Ask HN: How to learn Node.js &amp; Frontend JS Frameworks?,1,http://news.ycombinator.com/item?id=5471053,31 03 22:00,"[(u'library', 466), (u'js', 7), (u'node', 4), (u'frontend', 3), (u'frameworks', 3), (u'learn', 3), (u'news', 2)]"
In pictures: Syrian refugees' most important things,1,http://bbc.co.uk/news/magazine-21939840,31 03 22:00,"[(u'news', 7), (u'bbc', 7), (u'camp', 7), (u'refugee', 6), (u'important', 6), (u'year', 5), (u'damascus', 5)]"
Bohw.org: Things I Learned at SXSW Interactive 2013,1,http://alex.bohw.org/blog/2013/03/things-i-learned-at-sxsw-2013/,31 03 22:00,"[(u'wordpress', 3223), (u'sxsw', 21), (u'austin', 8), (u'events', 5), (u'people', 5), (u'30', 4), (u'hotels', 4)]"
All April Fools' Day Website Jokes from 2013 (and back to 2004),1,http://aprilfoolsdayontheweb.com/2013.html,31 03 22:00,"[(u'stats', 5125), (u'2013', 82), (u'31', 62), (u'03', 61), (u'comsubmited', 47), (u'01', 23), (u'04', 17)]"
"Results of the HN ""thinkerspace"" poll",2,http://blog.begriffs.com/2013/03/feedback-on-thinkerspace.html,31 03 22:00,"[(u'blogger', 4291), (u'people', 15), (u'thinkerspace', 11), (u'1', 10), (u'space', 8), (u'club', 6), (u'math', 6)]"
Introducing Noom Weight Loss Couch,1,http://www.noom.com/couch/?src=hn,31 03 22:00,"[(u'friends', 832), (u'loss', 8), (u'weight', 8), (u'fold', 7), (u""don't"", 5), (u'noom', 5), (u'sensor', 5)]"
HBO is down,2,http://www.hbo.com/,31 03 22:00,"[(u'hbo', 9), (u'april', 8), (u'watch', 7), (u'game', 7), (u'bill', 6), (u'premiere', 6), (u'films', 6)]"
Show HN: See the number of DOM elements on a web page,17,http://domtree.breckyunits.com/?v=2,31 03 22:00,"[(u'github', 28), (u'http', 1), (u'elementswayback', 1), (u'dom', 1), (u'google', 1), (u'199820032008fork', 1)]"
Use your GitHub code as a website background,1,http://alliejon.es/blog/2013/03/31/use-your-github-code-as-a-website-background/,31 03 22:00,"[(u'octopress', 3073), (u'code', 22), (u'content', 9), (u'data', 9), (u'github', 9), (u'text', 7), (u'javascript', 7)]"
"Not Capitalism, not Communism",2,http://vinay.howtolivewiki.com/blog/other/not-capitalism-not-communism-3279,31 03 22:00,"[(u'presswork', 5320), (u'2011', 12), (u'2010', 12), (u'2008', 12), (u'march', 11), (u'2009', 11), (u'2007', 10)]"
Show HN: RSS feeds to Kippt,2,https://feedleap.com/,31 03 22:00,[]
Introducing Atlassian JIRA junior,1,http://atlassian.com/jirajr,31 03 22:00,"[(u'sr', 601), (u'jira', 6), (u'jr', 4), (u'leapfrog', 3), (u'plugins', 2), (u'make', 2), (u'custom', 2)]"
Free course: MongoDB for Java Developers (starts May 13),1,https://education.10gen.com/courses/10gen/M101J/2013_May/about,31 03 21:00,"[(u'notices', 1897), (u'java', 9), (u'mongodb', 8), (u'assignments', 6), (u'10gen', 6), (u'weekly', 5), (u'online', 4)]"
Stross announces movie and innovative new business model,1,http://www.antipope.org/charlie/blog-static/2013/04/press-release-stross-uncloaks-.html,31 03 21:00,"[(u'archive', 9601), (u'2013', 31), (u'april', 31), (u'1', 30), (u'wasps', 27), (u'giant', 13), (u'cut', 11)]"
The pleasures and perils of the open-plan office,4,http://bbc.co.uk/news/magazine-21878739,31 03 21:00,"[(u'office', 31), (u'open', 20), (u'plan', 18), (u'offices', 14), (u'bbc', 12), (u'noise', 12), (u'desks', 9)]"
Order-Preserving Suffix Trees and Their Algorithmic Applications,2,http://arxiv.org/abs/1303.6872,31 03 21:00,"[(u'contact', 784), (u'preserving', 6), (u'order', 6), (u'cs', 5), (u'1303', 4), (u'ds', 4), (u'trees', 4)]"
"Steve Jobs' first boss: 'Very few companies would hire Steve, even today'",50,http://www.siliconvalley.com/ci_22884138/steve-jobs-first-boss-very-few-companies-would,31 03 21:00,[]
Intel eyeing Israeli gesture recognition start-up,1,http://haaretz.com/business/intel-eyeing-israeli-gesture-recognition-start-up-1.512711,31 03 21:00,"[(u'reserved', 4042), (u'israel', 17), (u'haaretz', 17), (u'intel', 12), (u'israeli', 10), (u'news', 9), (u'omek', 8)]"
YouTube's ready to select a winner ,2,https://www.youtube.com/watch?feature=player_embedded&v=H542nLTTbu0,31 03 21:00,"[(u'note', 5369), (u'youtube', 180), (u'sign', 88), (u'http', 61), (u'watch', 46), (u'www', 45), (u'picasa', 27)]"
Another copyright troll goes after Unix,1,http://www.theregister.co.uk/2013/04/01/unix_copyright_claim/,31 03 21:00,"[(u'2013', 2661), (u'code', 8), (u'unix', 8), (u'malley', 5), (u'company', 5), (u'13', 4), (u'copyright', 4)]"
Love with Weed,11,http://www.lovewithweed.com/,31 03 21:00,"[(u'lovewithweed', 199), (u'love', 3), (u'month', 2), (u'buy', 2), (u'box', 2), (u'newsletterhow', 1), (u'people', 1)]"
"Upcoming PostgreSQL Security Release: April 4, 2013",1,http://www.postgresql.org/about/news/1454/,31 03 21:00,"[(u'group', 449), (u'postgresql', 6), (u'update', 5), (u'security', 4), (u'april', 4), (u'release', 4), (u'2013', 3)]"
Astronauts visiting my website? Hold on!,2,https://twitter.com/cburgdorfer/status/318528687374995456,31 03 21:00,"[(u'countries', 1012), (u'twitter', 8), (u'location', 7), (u'tweet', 5), (u'follow', 4), (u'showing', 3), (u'google', 3)]"
"A great April Fools prank, if only it was launched today",1,http://incautious.org/help.html,31 03 21:00,"[(u'2013', 352), (u'number', 4), (u'art', 2), (u""don't"", 2), (u'database', 2), (u'performer', 1), (u'money', 1)]"
I'm really a fool falling for Google Nose,2,http://news.ycombinator.com/item?id=5470900,31 03 21:00,"[(u'library', 424), (u'google', 5), (u'fool', 3), (u'nose', 3), (u'falling', 2), (u'felt', 2), (u'device', 2)]"
Ask HN: How many non-technical people want to learn how to code?,4,http://news.ycombinator.com/item?id=5470892,31 03 21:00,"[(u'library', 2842), (u'ago', 12), (u'code', 9), (u'people', 7), (u'hours', 7), (u'good', 7), (u'dancing', 7)]"
Brandz top 50 chinese brands,2,http://kantar.com/business/brands/brandz-top-50-most-valuable-chinese-brands-2013/,31 03 21:00,"[(u'kantar', 28), (u'chinese', 1), (u'top', 1), (u'50', 1), (u'valuable', 1), (u'brandz', 1), (u'brands', 1)]"
"Tell HN: Flag PR ""April fools pranks""",230,http://news.ycombinator.com/item?id=5470859,31 03 21:00,"[(u'library', 4879), (u'ago', 43), (u'hours', 37), (u'april', 22), (u'3', 18), (u'fools', 16), (u'pranks', 14)]"
Indies Grab Controls at Game Conference,6,http://www.nytimes.com/2013/04/01/arts/video-games/game-developers-conference-celebrates-indie-creators.html?hp,31 03 21:00,"[(u'feedback', 4702), (u'game', 29), (u'indie', 10), (u'independent', 10), (u'games', 9), (u'conference', 8), (u'designer', 7)]"
Fixing Python's String class,17,http://pydanny.com/fixing-pythons-string-class.html,31 03 21:00,"[(u'5', 2715), (u'length', 23), (u'string', 19), (u'def', 19), (u'python', 17), (u'return', 16), (u'len', 12)]"
Ask HN: April 1st prank suggestions,1,http://news.ycombinator.com/item?id=5470844,31 03 21:00,"[(u'library', 124), (u'1st', 2), (u'prank', 2), (u'april', 2), (u'hn', 2), (u'news', 2), (u'office', 1)]"
Developers Speaking the Language of Journalism,2,http://vimeo.com/30821066,31 03 21:00,"[(u'ais', 1021), (u'vimeo', 11), (u'videos', 7), (u'twilio', 4), (u'video', 4), (u'language', 4), (u'jolie', 4)]"
"Are you a ""budget wife""?",1,http://www.theatlantic.com/china/archive/2013/03/chinas-lonely-seeking-a-spouse-at-discount-rates/274463/,31 03 21:00,"[(u'p3', 7750), (u'2013', 31), (u'budget', 16), (u'mar', 11), (u'29', 11), (u'wife', 10), (u'women', 9)]"
Google Analytics - Happy April's Fool,1,http://carlsednaoui.com/post/46805160838/google-analytics-happy-april-fool,31 03 21:00,"[(u'union', 469), (u'google', 5), (u'analytics', 5), (u'happy', 3), (u'april', 3), (u'overview', 2), (u'site', 2)]"
What Does A Ghost Smell Like? Google Nose.,1,http://techcrunch.com/2013/03/31/what-does-a-ghost-smell-like-google-nose/?utm_source=feedburner&utm_medium=feed&utm_campaign=Feed%3A+Techcrunch+%28TechCrunch%29&utm_content=Google+Reader,31 03 20:00,"[(u'vip', 2245), (u'google', 13), (u'techcrunch', 6), (u'smell', 6), (u'nose', 5), (u'greg', 4), (u'android', 4)]"
Quickly Visualizing MySQL Data (in the browser),2,http://www.hisham.cc/post/46803921066/quickly-visualizing-mysql-data,31 03 20:00,"[(u'data', 20), (u'mysql', 15), (u'afterquery', 15), (u'query', 11), (u'dbslayer', 10), (u'time', 9), (u'change', 7)]"
INTERCAL On Interstates,20,http://www.intercaloninterstates.org/,31 03 20:00,"[(u'today', 679), (u'intercal', 10), (u'interstates', 5), (u'web', 3), (u'development', 3), (u'framework', 3), (u'founded', 2)]"
Google Maps One-Hand Zoom on iPhone,92,http://carlsednaoui.com/post/46803524724/google-maps-one-hand-zoom-on-iphone,31 03 20:00,"[(u'union', 586), (u'zoom', 7), (u'likes', 6), (u'maps', 4), (u'hand', 4), (u'carlsed', 3), (u'google', 2)]"
Google April Fool's: Explore Treasure Mode with Google Maps,1,https://www.youtube.com/watch?v=_qFFHC0eIUc,31 03 20:00,"[(u'note', 3950), (u'sign', 76), (u'youtube', 71), (u'google', 69), (u'maps', 28), (u'comment', 25), (u'picasa', 23)]"
"Thousands of paroled CA sex offenders, felons easily disable GPS monitors",1,http://arstechnica.com/tech-policy/2013/03/thousands-of-paroled-ca-sex-offenders-felons-easily-disable-gps-monitors/,31 03 20:00,"[(u'choices', 2944), (u'gps', 13), (u'ars', 11), (u'3m', 8), (u'california', 7), (u'state', 7), (u'devices', 7)]"
The Youtube Collection,2,http://www.youtube.com/theyoutubecollection,31 03 20:00,"[(u'order', 9), (u'delivery', 6), (u'videos', 6), (u'add', 5), (u'gift', 4), (u'favorite', 4), (u'shipping', 4)]"
April Fools Day explained for tech journalists,15,http://news.ycombinator.com/item?id=5470794,31 03 20:00,"[(u'library', 1300), (u'day', 5), (u'news', 5), (u'people', 4), (u'tech', 4), (u'hours', 4), (u'prank', 4)]"
April Fools: International Space Station on Google Analytics,1,http://blog.andymcsherry.com/2013/03/google-analytics-april-fools.html,31 03 20:00,"[(u'blogger', 478), (u'2', 7), (u'google', 4), (u'analytics', 4), (u'4', 3), (u'march', 3), (u'april', 3)]"
PonyOS - A hobby operating system for everypony,8,http://www.ponyos.org/#,31 03 20:00,"[(u'day', 1174), (u'ponyos', 14), (u'disk', 7), (u'scratch', 3), (u'kernel', 3), (u'os', 3), (u'image', 3)]"
JRuby wrapper for Tika to extract content / metadata from various file formats,1,https://github.com/ricn/rika,31 03 20:00,"[(u'rika', 16), (u'parser', 14), (u'ricn', 11), (u'9', 11), (u'v0', 10), (u'1', 9), (u'content', 8)]"
Python Library Released For The Coinbase API,15,http://blog.coinbase.com/post/46802634066/python-library-released-for-the-coinbase-api,31 03 20:00,"[(u'kcmr', 457), (u'coinbase', 6), (u'api', 4), (u'library', 3), (u'bitcoin', 3), (u'python', 3), (u'released', 3)]"
Ask HN: Daily menus versus yearly menus,1,http://news.ycombinator.com/item?id=5470762,31 03 20:00,"[(u'library', 238), (u'menus', 5), (u'yearly', 3), (u'daily', 3), (u'versus', 2), (u'hn', 2), (u'news', 2)]"
Convert PDF docs to beautiful HTML files without losing text or format in Ruby.,2,https://github.com/ricn/kristin,31 03 20:00,"[(u'ricn', 10), (u'commit', 7), (u'26', 6), (u'gem', 5), (u'2013first', 5), (u'kristin', 4), (u'convert', 4)]"
Billionaire Plans Park of Giant Dinosaurs,1,http://news.discovery.com/animals/dinosaurs/billionaire-plans-park-giant-dinosaurs-130330.htm,31 03 20:00,"[(u'company', 3517), (u'dinosaurs', 19), (u'feathers', 11), (u'dinosaur', 8), (u'caption', 8), (u'featured', 7), (u'giant', 7)]"
Saudi Arabia seeks to regulate Skype and Whatsapp,1,http://online.wsj.com/article/SB10001424127887324020504578394933525805840.html,31 03 20:00,"[(u'class', 23), (u'div', 22), (u'li', 10), (u'email', 10), (u'moreloading', 10), (u'role', 8), (u'order', 7)]"
Convert office documents to PDF using LibreOffice and Ruby.,1,https://github.com/ricn/libreconv,31 03 20:00,"[(u'ricn', 13), (u'commit', 7), (u'document', 6), (u'24', 5), (u'libreoffice', 5), (u'libreconv', 5), (u'2013first', 5)]"
Production-ready ZFS offers cosmic-scale storage for Linux,2,http://www.theregister.co.uk/2013/03/30/zfs_on_linux_production_ready/,31 03 20:00,"[(u'2013', 3093), (u'storage', 17), (u'zfs', 16), (u'data', 10), (u'linux', 10), (u'filesystem', 8), (u'systems', 6)]"
Google Smell Everybody,3,http://www.google.com/landing/nose/index.html,31 03 20:00,"[(u'terms', 424), (u'google', 5), (u'nosebeta', 3), (u'smell', 3), (u""don't"", 2), (u'experience', 2), (u'system', 1)]"
Google declares end of YouTube in April Fool's prank,1,http://news.cnet.com/8301-1023_3-57577172-93/google-declares-end-of-youtube-in-april-fools-prank/,31 03 20:00,"[(u'rss', 2745), (u'cnet', 22), (u'google', 15), (u'youtube', 12), (u'tech', 11), (u'video', 10), (u'news', 8)]"
StarCluster,1,http://star.mit.edu/cluster/,31 03 20:00,"[(u'education', 973), (u'starcluster', 12), (u'cluster', 7), (u'amis', 5), (u'ami', 4), (u'ec2', 4), (u'home', 4)]"
Dangerous Ideas Club: How and why to start one.,2,http://www.articulateventures.com/dangerous-ideas-club/dangerous-ideas-club-why-and-how-to-start-one/,31 03 20:00,[]
Introduction to Bayesian Methods,29,http://www.slideshare.net/cjbayesian/introduction-to-bayesian-methodes,31 03 20:00,"[(u'settings', 5749), (u'chivers', 48), (u'2012', 45), (u'corey', 39), (u'1', 38), (u'0', 36), (u'bayesian', 17)]"
Facebooks Android Homescreen Could Expose Apples Inflexibility,1,http://techcrunch.com/2013/03/31/game-of-phones/,31 03 20:00,"[(u'vip', 4363), (u'facebook', 27), (u'android', 26), (u'apple', 15), (u'app', 9), (u'homescreen', 9), (u'google', 9)]"
"By building fairy circles, termites engineer their own ecosystem",43,http://arstechnica.com/science/2013/03/by-building-fairy-circles-termites-engineer-their-own-ecosystem/,31 03 20:00,"[(u'choices', 3454), (u'circles', 27), (u'termites', 16), (u'ars', 11), (u'fairy', 8), (u'soil', 7), (u'water', 6)]"
Broken Promises: on promises and Node,2,http://www.futurealoof.com/posts/broken-promises.html,31 03 20:00,"[(u'node', 18), (u'api', 13), (u'flow', 12), (u'control', 11), (u'compatibility', 10), (u'people', 10), (u'promises', 10)]"
Stack Exchange hires experts (Advizas) for live chat,1,http://adviza.stackexchange.com/transcript/BlYhfw8ueUyh,31 03 20:00,"[(u'left', 1390), (u'user', 25), (u'expert', 13), (u""i'm"", 7), (u'cms', 5), (u""it's"", 5), (u""you're"", 5)]"
You Aren't Indestructible or Indispensable  And That's Good,1,http://www.linkedin.com/today/post/article/20130330133557-8451-you-aren-t-indestructible-or-indispensable-and-that-s-good,31 03 20:00,"[(u'policy', 4762), (u'health', 10), (u'1hflag', 9), (u'sharing', 8), (u'life', 7), (u'indestructible', 7), (u'heart', 6)]"
Using Kippt as a RSS Reader,19,http://jpadilla.com/post/46758813866/kippt-as-an-rss-reader?,31 03 19:00,"[(u'mikedidthis', 1099), (u'kippt', 8), (u'rss', 8), (u'likes', 5), (u'list', 4), (u'superfeedr', 3), (u'feed', 3)]"
The Future of Huginn: A Protocol,2,https://github.com/cantino/huginn/issues/34,31 03 19:00,"[(u'agents', 14), (u'should', 7), (u'huginn', 7), (u'subscribe', 5), (u'events', 5), (u'issue', 4), (u'web', 3)]"
The TED Conference,2,http://stuffwhitepeoplelike.com/2010/09/08/134-the-ted-conference/,31 03 19:00,"[(u'white', 929), (u'people', 696), (u'whites', 619), (u'superior', 597), (u'racist', 454), (u'god', 395), (u'pm', 349)]"
Ask HN: Who's going to Coachella?,3,http://news.ycombinator.com/item?id=5470625,31 03 19:00,"[(u'library', 322), (u""who's"", 3), (u'coachella', 3), (u""i'll"", 2), (u'news', 2), (u'comments', 2), (u'contact', 2)]"
What is your Sublime Text workflow?,1,http://news.ycombinator.com/item?id=5470623,31 03 19:00,"[(u'library', 205), (u'workflow', 3), (u'sublime', 3), (u'text', 2), (u'news', 2), (u'features', 1), (u'point', 1)]"
CloudyFS: A cloud in your filesystem,2,https://github.com/bhickey/cloudyfs,31 03 19:00,"[(u'bhickey', 9), (u'31', 6), (u'cloudyfs', 5), (u'file', 5), (u'system', 4), (u'show', 3), (u'cloud', 3)]"
HN Being Fair,1,https://www.hnsearch.com/search#request/comments&q=%22to+be+fair%22,31 03 19:00,"[(u'octopart', 233), (u'thriftdb', 4), (u'hacker', 3), (u'news', 3), (u'search', 3), (u'hnsearch', 2), (u'site', 2)]"
Nbalanced - Balanced Payments node.js,1,https://github.com/TenorEnterprises/nbalanced,31 03 19:00,"[(u'api', 18), (u'account', 17), (u'nbalanced', 14), (u'accounts', 11), (u'create', 10), (u'balanced', 9), (u'err', 9)]"
How did the popular 'Proposition HN' idea turn out?,3,http://news.ycombinator.com/item?id=5470578,31 03 19:00,"[(u'library', 262), (u'news', 3), (u'turn', 3), (u'idea', 2), (u""hn'"", 2), (u'hours', 2), (u""'proposition"", 2)]"
Tell me everything,1,http://www.lrb.co.uk/v35/n07/joanna-biggs/tell-me-everything,31 03 19:00,"[(u'accessibility', 8953), (u'sandberg', 23), (u'facebook', 21), (u'losse', 16), (u'women', 15), (u'day', 9), (u'zuckerberg', 9)]"
"Stackoverflow rolls out ""Chat with an expert""",69,http://meta.stackoverflow.com/questions/174407/what-is-chat-with-an-expert,31 03 19:00,"[(u'enabled', 4897), (u'hours', 46), (u'chat', 21), (u'april', 19), (u'expert', 18), (u'11', 16), (u'fools', 13)]"
Why you should never ever ever have Managers in your class name,31,http://blog.shoutt.me/post/46725005593/why-you-should-never-ever-ever-have-managers-in-your,31 03 19:00,"[(u'shoutt', 2669), (u'connection', 19), (u'class', 14), (u'object', 10), (u'connections', 9), (u'code', 8), (u'connectionmanager', 8)]"
Finding your way home with Clojure,2,http://stefan.arentz.ca/finding-your-way-home-with-clojure.html,31 03 19:00,"[(u'pelican', 1225), (u'app', 7), (u'stops', 5), (u'toronto', 4), (u'home', 4), (u'find', 3), (u'location', 3)]"
Introducing DataSift Pigeon Delivery,1,http://dev.datasift.com/blog/introducing-datasift-pigeon-delivery,31 03 19:00,"[(u'datasiftdev', 1330), (u'data', 11), (u'pigeon', 9), (u'datasift', 7), (u'delivery', 6), (u'platform', 4), (u'london', 4)]"
Embrace invisible labor,1,http://jonasgalvez.org/writings/embrace-invisible-labor.html,31 03 19:00,"[(u'time', 9), (u'computer', 5), (u'code', 4), (u'labor', 4), (u'sitting', 4), (u'invisible', 4), (u'work', 4)]"
SFChron: How Silicon Valley's young tech innovators are reshaping politics,3,http://www.sfchronicle.com/politics/article/Tech-PAC-rewriting-political-party-lines-4397432.php?t=fe30adfe35972bc8cd ,31 03 19:00,"[(u'political', 17), (u'party', 14), (u'politics', 12), (u'tech', 11), (u'san', 10), (u'francisco', 10), (u'issues', 6)]"
Petascale Urban Computing - weaving supercomputer networks through the city,2,http://vinay.howtolivewiki.com/blog/other/petascale-urban-computing-3340,31 03 19:00,"[(u'presswork', 2164), (u'2010', 12), (u'2011', 12), (u'2008', 12), (u'2009', 11), (u'1', 10), (u'2007', 10)]"
Programming Best Practices Tidbits,1,https://github.com/timoxley/best-practices,31 03 19:00,"[(u'code', 22), (u'http', 18), (u'source', 13), (u'write', 12), (u'should', 10), (u'software', 10), (u'team', 8)]"
On Open Access,1,http://www.youtube.com/watch?v=jD6CcFxRelY&hd=1,31 03 19:00,"[(u'note', 1649), (u'views', 21), (u'sign', 16), (u'loading', 13), (u'youtube', 11), (u'open', 10), (u'access', 9)]"
Kiln,155,https://github.com/colinta/kiln,31 03 19:00,"[(u'kiln', 48), (u'view', 38), (u'plugin', 31), (u'log', 26), (u'0', 16), (u'app', 16), (u'colinta', 12)]"
"Time &amp; Money - a Box2DWeb Visualization (best on desktop, not mobile)",1,https://googledrive.com/host/0B2GQktu-wcTidFZHVzRaX21NdjQ/,31 03 19:00,"[(u'support', 1089), (u'money', 5), (u'images', 5), (u'visualization', 4), (u'canvas', 4), (u'html5', 4), (u'coin', 4)]"
Guy accidentily deletes Bitcoin wallet with $8000 worth of Bitcoin in it,4,http://www.reddit.com/r/Bitcoin/comments/1bd1d1/i_think_i_just_lost_90btc_are_they_stolen_help/,31 03 19:00,"[(u'240ddd5', 19471), (u'0', 514), (u""votehash'"", 328), (u'aria', 328), (u'button', 328), (u'event', 328), (u'label', 328)]"
Google Nose,1,http://www.google.com/nose,31 03 19:00,"[(u'terms', 424), (u'google', 5), (u'nosebeta', 3), (u'smell', 3), (u""don't"", 2), (u'experience', 2), (u'system', 1)]"
E-Commerce Companies Bypass Middlemen to Build Premium Brand,1,http://www.nytimes.com/2013/04/01/business/e-commerce-companies-bypass-middlemen-to-build-premium-brand.html,31 03 19:00,"[(u'feedback', 2890), (u'companies', 7), (u'brands', 6), (u'products', 5), (u'company', 5), (u'nytimes', 5), (u'cor', 5)]"
Google April Fools - Nose Beta,19,https://www.google.com/intl/en/landing/nose/,31 03 18:00,"[(u'terms', 424), (u'google', 5), (u'nosebeta', 3), (u'smell', 3), (u""don't"", 2), (u'experience', 2), (u'system', 1)]"
MySQL database deactivated in XAMPP localhost,1,http://news.ycombinator.com/item?id=5470456,31 03 18:00,"[(u'library', 406), (u'xampp', 5), (u'mysql', 4), (u'deactivated', 3), (u'1', 3), (u'hours', 3), (u'database', 3)]"
"As Market Heats Up, Trading Slips Into Shadows",1,http://www.nytimes.com/2013/04/01/business/as-market-heats-up-trading-slips-into-shadows.html,31 03 18:00,"[(u'feedback', 3325), (u'dark', 21), (u'trading', 20), (u'pools', 15), (u'stock', 13), (u'exchange', 10), (u'investors', 9)]"
"Ask HN: Python-centric codeschool, do you need it?",1,http://news.ycombinator.com/item?id=5470452,31 03 18:00,"[(u'library', 187), (u'codeschool', 2), (u'centric', 2), (u'python', 2), (u'hn', 2), (u'news', 2), (u'point', 1)]"
How Google Nose can get real,1,http://www.howstuffworks.com/internet-odor1.htm,31 03 18:00,"[(u'scent', 11), (u'internet', 10), (u'computer', 10), (u'web', 10), (u'odors', 8), (u'smells', 8), (u'senx', 7)]"
Hacking E.T. for the Atari 2600 to make it better,2,http://www.neocomputer.org/projects/et/,31 03 18:00,"[(u'2013', 34430), (u'3', 168), (u'2', 162), (u'85', 88), (u""we'll"", 69), (u'sta', 65), (u'game', 65)]"
YouTube april fools 2013,1,https://www.youtube.com/watch?v=H542nLTTbu0,31 03 18:00,"[(u'note', 5408), (u'youtube', 181), (u'sign', 88), (u'http', 61), (u'watch', 45), (u'www', 45), (u'picasa', 27)]"
Search for textual trends in historical bills in US Congress,1,http://steinbeck.seas.harvard.edu/bookworm/congress/,31 03 18:00,"[(u'webmasterlink', 157), (u'trends', 2), (u'bookworm', 1), (u'metadatax', 1), (u'countcase', 1), (u'wordsword', 1), (u'open', 1)]"
'The Chinese love money because it has no history',1,http://www.aeonmagazine.com/living-together/james-palmer-chinese-youth/?fb_action_ids=10152671529245384&fb_action_types=og.likes&fb_source=other_multiline&action_object_map=%7B%2210152671529245384%22%3A481629318571056%7D&action_type_map=%7B%22101526715292,31 03 18:00,"[(u'parents', 72), (u'chinese', 48), (u'china', 43), (u'article', 34), (u'children', 34), (u'generation', 29), (u'young', 29)]"
EMBER 1.0 RC2,43,http://emberjs.com/blog/2013/03/30/ember-1-0-rc2.html,31 03 18:00,"[(u'html', 3266), (u'span', 115), (u'class', 76), (u'div', 23), (u'1', 18), (u'gt', 16), (u'0', 16)]"
The Starter League accepted me,1,http://keithgordon.co/starter-league-accepted-me/,31 03 18:00,"[(u'site', 853), (u'2013', 8), (u'march', 6), (u'keith', 6), (u'league', 6), (u'starter', 6), (u'reply', 5)]"
"Scientists find ""missing heat"" of global warming 700m under the ocean surface",1,http://news.mongabay.com/2013/0328-hance-climate-missing-heat.html,31 03 18:00,"[(u'tyrant', 5146), (u'climate', 26), (u'global', 19), (u'change', 18), (u'warming', 17), (u'heat', 15), (u'2013', 14)]"
LtU migrating to a Facebook group,2,http://lambda-the-ultimate.org/node/4709,31 03 18:00,"[(u'ago', 1444), (u'hours', 10), (u'min', 10), (u'facebook', 4), (u'ltu', 4), (u'drupal', 4), (u'dispatch', 4)]"
Time as an Investment,1,http://ruizhidong.com/time-as-an-investment/,31 03 18:00,"[(u'week', 4855), (u'time', 24), (u'should', 10), (u'investment', 9), (u'1', 8), (u'years', 7), (u'year', 7)]"
Show HN:a place to share the best videos about web design and web development,1,https://www.facebook.com/groups/webvideosgroup/#,31 03 18:00,"[(u'fran', 1), (u'english', 1), (u'friendsbadgespeoplepagesplacesappsgamesmusicaboutcreate', 1), (u'brasil', 1), (u'adcreate', 1), (u'deutschitaliano', 1), (u'upfacebook', 1)]"
Show HN: bugger - an updated nodejs debug runner,1,https://github.com/jkrems/bugger#bugger,31 03 18:00,"[(u'jan', 11), (u'krems', 11), (u'stderr', 7), (u'webkit', 7), (u'31', 7), (u'bugger', 6), (u'files', 6)]"
(Python) Tornado Rest Handler,2,https://github.com/paulocheque/tornado-rest-handler,31 03 18:00,"[(u'0', 23), (u'animal', 16), (u'tornado', 15), (u'rest', 14), (u'handler', 14), (u'2013', 11), (u'2', 10)]"
New startup builder and incubator site,1,http://news.ycombinator.com/item?id=5470359,31 03 18:00,"[(u'library', 196), (u'startup', 2), (u'news', 2), (u'incubator', 2), (u'builder', 2), (u'point', 1), (u'ekwity', 1)]"
"Yvonne Brill, a Pioneering Rocket Scientist, Dies at 88",2,http://www.nytimes.com/2013/03/31/science/space/yvonne-brill-rocket-scientist-dies-at-88.html,31 03 18:00,"[(u'feedback', 4138), (u'brill', 20), (u'mrs', 11), (u'rocket', 10), (u'engineering', 8), (u'satellite', 7), (u'satellites', 6)]"
Ask HN: What should I learn if i want to manage and parse lots of data?,2,http://news.ycombinator.com/item?id=5470317,31 03 18:00,"[(u'library', 1111), (u'hours', 8), (u'ago', 8), (u'data', 6), (u'learn', 5), (u'google', 4), (u'lots', 4)]"
How I reached 2 million downloads on the app store,1,http://news.ycombinator.com/item?id=5470307,31 03 18:00,"[(u'library', 337), (u'downloads', 4), (u'app', 3), (u'reached', 3), (u'million', 3), (u'apps', 2), (u'blog', 2)]"
"The Child, the Tablet and the Developing Mind",1,http://bits.blogs.nytimes.com/2013/03/31/disruptions-what-does-a-tablet-do-to-the-childs-mind/,31 03 18:00,"[(u'service', 3673), (u'children', 14), (u'child', 7), (u'people', 7), (u'time', 6), (u'dinner', 6), (u'ipads', 5)]"
Unbelievable human animation ,2,https://www.youtube.com/watch?v=l6R6N4Vy0nE,31 03 18:00,"[(u'note', 4368), (u'sign', 82), (u'youtube', 77), (u'picasa', 25), (u'account', 25), (u'orkut', 25), (u'gmail', 25)]"
NFS V4 turns 10 today,1,https://plus.google.com/u/0/113775819393067568791/posts/dBN6qArdqCh,31 03 18:00,"[(u'region', 1195), (u'ietf', 4), (u'protocol', 3), (u'add', 3), (u'google', 3), (u'nfsv4', 3), (u'matt', 3)]"
Doctor Who-Style Wi-Fi With Sentient Captive Portal,60,http://blog.tonybox.net/blog/2013/03/31/doctor-who-style-wi-fi-with-sentient-captive-portal/,31 03 18:00,"[(u'octopress', 1609), (u'1', 10), (u'hostapd', 9), (u'10', 7), (u'style', 6), (u'0', 6), (u'dnsmasq', 6)]"
How Samsung Became the World's No. 1 Smartphone Maker,1,http://www.businessweek.com/articles/2013-03-28/how-samsung-became-the-worlds-no-dot-1-smartphone-maker#p1,31 03 18:00,"[(u'bydisqus', 14575), (u'samsung', 103), (u'lee', 33), (u'company', 24), (u'apple', 19), (u'galaxy', 16), (u'1', 15)]"
The Oatmealas narrated by a voice actor (How to Suck at your Religion),2,http://castify.co/pages/the-oatmeal-april-fools,31 03 17:00,"[(u'castify', 440), (u'oatmeal', 4), (u'content', 3), (u'audio', 3), (u'respective', 2), (u'suck', 2), (u'blogs', 2)]"
PML-Kit - a string to permalink converter,1,http://artymiak.com/pml-kit-a-string-to-permalink-converter/,31 03 17:00,"[(u'origin', 616), (u'permalink', 6), (u'wordpress', 5), (u'string', 3), (u'kit', 3), (u'subscribe', 2), (u'pml', 2)]"
Why Apples China Disaster Is Worse Than You Think,1,http://www.cultofmac.com/221696/why-apples-china-disaster-is-worse-than-you-think/,31 03 17:00,"[(u'cafe', 4672), (u'apple', 49), (u'chinese', 27), (u'china', 27), (u'government', 21), (u'mac', 9), (u'cult', 8)]"
The Best Conference Hack,36,https://medium.com/life-hacks/808159b4cf81,31 03 17:00,"[(u'2013', 1663), (u'row', 11), (u'front', 11), (u'll', 9), (u'speakers', 7), (u'sitting', 5), (u'conference', 5)]"
TED: Sell your crap. Pay your debt. Do what you love.,1,http://fixwillpower.com/blog/sell-your-crap-pay-your-debt-do-what-you-love-ted-video/,31 03 17:00,"[(u'tweet', 1291), (u'debt', 8), (u'willpower', 6), (u'day', 5), (u'pay', 5), (u'ted', 4), (u'healthfix', 3)]"
StackOverflow Fail,1,https://dl.dropbox.com/u/16853147/img.png,31 03 17:00,"[(u'5', 33), (u'_', 30), (u'9', 29), (u'2', 28), (u'7', 26), (u'0', 24), (u'4', 24)]"
Show HN: Android library for flipping between views like flipboard,1,http://news.ycombinator.com/item?id=5470235,31 03 17:00,"[(u'library', 141), (u'flipping', 2), (u'android', 2), (u'views', 2), (u'hn', 2), (u'news', 2), (u'show', 1)]"
"Valve announces Half-Life 4 for Linux, no mention of OSX or Windows",2,http://www.phoronix.com/scan.php?page=news_item&px=MTMzOTk,31 03 17:00,"[(u'4', 1603), (u'linux', 15), (u'half', 10), (u'life', 10), (u'steam', 7), (u'valve', 7), (u'3', 7)]"
Heidi Roizen Calls Me a Cockroach,1,http://danielodio.com/heidi-roizen-calls-me-a-cockroach,31 03 17:00,"[(u'sett', 56632), (u'daniel', 82), (u'mobile', 68), (u'don', 66), (u'things', 61), (u'people', 61), (u'app', 57)]"
Stanford creates biological transistors,1,http://www.extremetech.com/extreme/152074-stanford-creates-biological-transistors-the-final-step-towards-computers-inside-living-cells,31 03 17:00,"[(u'prohibited', 4513), (u'biological', 22), (u'cells', 13), (u'computers', 12), (u'computer', 8), (u'dna', 7), (u'control', 6)]"
The Extraordinary SVD,6,http://arxiv.org/pdf/1103.2338.pdf,31 03 17:00,[]
The Economics of Bitcoin Mining,1,https://freedom-to-tinker.com/blog/felten/basic-economics-of-bitcoin-mining/,31 03 17:00,"[(u'mining', 27), (u'bitcoin', 16), (u'puzzle', 10), (u'miners', 9), (u'puzzles', 7), (u'2013', 7), (u'solve', 7)]"
Preventing contagion from Cyprus,2,http://blogs.ft.com/gavyndavies/2013/03/31/preventing-contagion-from-cyprus/?,31 03 17:00,"[(u'ft', 16), (u'uk', 12), (u'economy', 10), (u'business', 10), (u'companies', 9), (u'policy', 9), (u'gavyn', 8)]"
The Shrinking RF Spectrum and Broadway,1,http://www.nytimes.com/2013/03/30/business/fcc-has-yen-for-broadways-wireless-spectrum.html,31 03 17:00,"[(u'feedback', 2993), (u'airwaves', 11), (u'broadway', 9), (u'microphones', 8), (u'wireless', 8), (u'spectrum', 5), (u'mia', 5)]"
Rapid Prototyping with JS: Agile JavaScript Development Update v0.4,1,http://www.webapplog.com/rapid-prototyping-with-js-v04/,31 03 17:00,"[(u'wordpress', 2650), (u'js', 28), (u'prototyping', 19), (u'rapid', 14), (u'1', 12), (u'javascript', 11), (u'4', 11)]"
Hacker News Lists,2,https://news.ycombinator.com/lists,31 03 17:00,"[(u'library', 139), (u'accounts', 2), (u'comments', 2), (u'voted', 2), (u'recent', 2), (u'lists', 2), (u'news', 2)]"
10 reasons you will fail,3,http://postmasculine.com/why-you-fail,31 03 17:00,"[(u'tweetemail', 22363), (u'2012', 58), (u'reply', 54), (u'august', 53), (u'people', 44), (u'fear', 35), (u'life', 32)]"
HipChat's Early April Fools - Emoticorrect,15,http://emoticorrect.hipchat.com/,31 03 17:00,"[(u'service', 685), (u'hipchat', 4), (u""it's"", 3), (u'perfect', 2), (u'famous', 2), (u'emoticorrect', 2), (u'email', 2)]"
Need advice about what to do about my job and how to make a career change.,1,http://news.ycombinator.com/item?id=5470120,31 03 17:00,"[(u'library', 1306), (u'job', 5), (u'work', 5), (u'web', 4), (u'don', 4), (u'university', 3), (u'development', 3)]"
+ Add New Awesome Application (Android Dev Portal Easter Egg),2,http://nirvanatikku.tumblr.com/post/46785199420/add-new-awesome-application,31 03 16:00,"[(u'top', 994), (u'post', 3), (u'software', 3), (u'music', 3), (u'android', 3), (u'developer', 2), (u'stop', 2)]"
Narcissus Prime,2,http://www.futilitycloset.com/2012/03/05/narcissus-prime/,31 03 16:00,"[(u'2012', 1232), (u'2011', 12), (u'2010', 12), (u'2006', 12), (u'2008', 12), (u'2007', 12), (u'2005', 12)]"
Listen to Bitcoin,149,http://www.listentobitcoin.com/,31 03 16:00,"[(u'close', 469), (u'ga', 6), (u'_gaq', 5), (u'realtime', 3), (u'javascript', 3), (u'document', 3), (u'push', 3)]"
"Show HN: A quick, unbloated way to listen to a song",13,http://www.tunecrawl.com/,31 03 16:00,"[(u'policy', 316), (u'music', 4), (u'tunecrawl', 2), (u'play', 2), (u'source', 2), (u'begin', 2), (u'results', 2)]"
Game Theory and the joy of shutting down Google Reader,2,http://rogueleaderr.com/post/46782448771/the-game-theory-of-google-reader,31 03 16:00,"[(u'tumblr', 4081), (u'game', 12), (u'google', 12), (u'reader', 12), (u'nash', 12), (u'equilibrium', 10), (u'monster', 10)]"
Archos announces UT 101 and 116 UTS: two tablets running Ubuntu [4/1],1,http://translate.google.com/translate?sl=fr&tl=en&js=n&prev=_t&hl=en&ie=UTF-8&eotf=1&u=http%3A%2F%2Farchoslounge.net%2FArchos-annonce-les-101-UT-et-116.html,31 03 16:00,"[(u'creolehebrewhindihungarianicelandicindonesianirishitalianjapanesekannadakoreanlaolatinlatvianlithuanianmacedonianmalaymaltesenorwegianpersianpolishportugueseromanianrussianserbianslovakslovenianspanishswahiliswedishtamilteluguthaiturkishukrainianurduvietnamesewelshyiddish', 52), (u'intranslateview', 1), (u'google', 1), (u'creolehebrewhindihungarianicelandicindonesianirishitalianjapanesekannadakoreanlaolatinlatvianlithuanianmacedonianmalaymaltesenorwegianpersianpolishportugueseromanianrussianserbianslovakslovenianspanishswahiliswedishtamilteluguthaiturkishukrainianurduvietnamesewelshyiddishto', 1), (u'language', 1), (u'afrikaansalbanianarabicarmenianazerbaijanibasquebelarusianbengalibulgariancatalanchinese', 1), (u'croatianczechdanishdutchenglishesperantoestonianfilipinofinnishfrenchgaliciangeorgiangermangreekgujaratihaitian', 1)]"
What are Facebook &amp; Instagram missing?,1,https://www.facebook.com/photo.php?v=354561164650670,31 03 16:00,"[(u'facebook', 5), (u'instagram', 4), (u'missing', 4), (u'app', 2), (u'beautiful', 1), (u'show', 1), (u'collage', 1)]"
Politics: Cruel and Unusual Punishment: The Shame of Three Strikes Laws,1,http://m.rollingstone.com/entry/view/id/36758/pn/all/p/0/?KSID=709374a028e759970f11596706201e44&ints_viewed=1,31 03 16:00,"[(u'policy', 19907), (u'years', 38), (u'strikes', 38), (u'law', 30), (u'life', 27), (u'california', 24), (u'people', 19)]"
Glenn Beck angry at Google for Chavez Doodle instead of Easter,1,http://news.cnet.com/8301-17938_105-57577171-1/google-cesar-chavez-doodle-on-easter-ignites-furor/,31 03 16:00,"[(u'rss', 2295), (u'cnet', 23), (u'google', 12), (u'tech', 10), (u'easter', 9), (u'chavez', 8), (u'news', 7)]"
Damaged Underwater Cables Are Causing Internet Slowdown in India,1,http://www.nextbigwhat.com/why-is-internet-slow-297/,31 03 16:00,"[(u'commandments', 2353), (u'internet', 13), (u'india', 12), (u'cable', 11), (u'cables', 9), (u'damage', 7), (u'undersea', 6)]"
How to learn,1,http://bigthink.com/neurobonkers/assessing-the-evidence-for-the-one-thing-you-never-get-taught-in-school-how-to-learn,31 03 16:00,"[(u'corporation', 8398), (u'learning', 28), (u'found', 22), (u'practice', 19), (u'effective', 16), (u'testing', 16), (u'big', 15)]"
Which Learning Methods Actually Work?,1,http://www.scotthyoung.com/blog/2013/03/31/learning-methods/,31 03 16:00,"[(u'wordpress', 5290), (u'learning', 22), (u'learn', 10), (u'time', 10), (u'found', 9), (u'reading', 9), (u've', 9)]"
Show HN: DubDub - Push Notifications For When WWDC Tickets Go On Sale,1,https://github.com/speedyapocalypse/DubDub,31 03 16:00,"[(u'dubdub', 17), (u'php', 11), (u'web', 7), (u'push', 7), (u'open', 6), (u'provisioning', 6), (u'31', 5)]"
Show HN: javscript model of Ackermann steering,2,http://alokmenghrajani.github.com/steering/,31 03 16:00,"[(u'top', 268), (u'steering', 5), (u'ackermann', 4), (u'speed', 2), (u'wheel', 2), (u'front', 2), (u'model', 2)]"
Why Its Important For Us To Keep Explaining The Net And Its Civil Liberties,39,http://torrentfreak.com/why-its-important-for-each-of-us-to-explain-and-keep-explaining-the-net-and-its-civil-liberties-130331/,31 03 16:00,"[(u'privacy', 31606), (u'people', 60), (u'copyright', 47), (u'free', 27), (u'don', 26), (u'time', 22), (u'internet', 18)]"
Former supercomputer king Roadrunner to shut down today,2,http://news.cnet.com/8301-1001_3-57577179-92/former-supercomputer-king-roadrunner-to-shut-down-today/,31 03 16:00,"[(u'rss', 3276), (u'cnet', 23), (u'roadrunner', 18), (u'supercomputer', 14), (u'tech', 13), (u'news', 11), (u'apple', 7)]"
How we added Google Drive to Task Messenger,2,http://taskmessenger.com/blog/index.php/how-we-added-google-drive-to-task-messenger/,31 03 15:00,"[(u'subscribe', 5953), (u'google', 75), (u'picker', 36), (u'task', 25), (u'messenger', 20), (u'function', 16), (u'file', 16)]"
New Transparent Touchscreen Technology Knows Who You Are,2,http://www.bitrebels.com/technology/transparent-touchscreen-biometric-sensors/,31 03 15:00,"[(u'partners', 3370), (u'touchscreen', 15), (u'technology', 10), (u'transparent', 10), (u'twitter', 10), (u'bit', 9), (u'rebels', 8)]"
"Collage: A JS framework for live, dynamic, and interactive collages",1,https://github.com/ozanturgut/collage,31 03 15:00,"[(u'html', 17437), (u'span', 1359), (u'class', 738), (u'nx', 167), (u'code', 133), (u'li', 118), (u'collage', 103)]"
The Humans With Super Human Vision,7,http://discovermagazine.com/2012/jul-aug/06-humans-with-super-human-vision#.UViRAavF0R8,31 03 15:00,"[(u'super', 1), (u'discovermagazine', 1), (u'humans', 1), (u'vision', 1), (u'human', 1)]"
10 Things You Need To Know About Cocoa Autolayout,2,http://oleb.net/blog/2013/03/things-you-need-to-know-about-cocoa-autolayout/,31 03 15:00,"[(u'policy', 3379), (u'constraints', 17), (u'layout', 16), (u'autolayout', 14), (u'view', 12), (u'size', 10), (u'create', 10)]"
IRoll: Rickrolling with iPhone Web Apps,2,http://thomaspark.me/2013/03/iroll-rickrolling-with-iphone-web-apps/,31 03 15:00,"[(u'top', 2393), (u'app', 20), (u'iroll', 10), (u'url', 9), (u'link', 8), (u'id', 7), (u'qr', 5)]"
Low Retention Rates in Online Ed Isnt Necessarily Bad,2,http://sef.kloninger.com/2013/03/online-ed-retention/,31 03 15:00,"[(u'wordpress', 931), (u'education', 6), (u'retention', 5), (u'sef', 4), (u'rates', 4), (u'online', 4), (u'low', 3)]"
Would you like to discover apps that your friends recommend? ,1,http://AppYou.co ,31 03 15:00,"[(u'appyou', 1)]"
We came up with this idea in a Lean Weekend re App Discovery.,1,http://www.appyou.co,31 03 15:00,[]
What do Google and Facebook know about you?,1,http://www.ltwebs.com/2013/03/31/what-do-google-and-facebook-know-about-you/,31 03 15:00,"[(u'wordpress', 1276), (u'google', 8), (u'facebook', 4), (u'friends', 4), (u'lev', 3), (u'apple', 3), (u'cool', 2)]"
"Everyone Should Learn To Program, But Not Everyone Should Be A Programmer",2,http://simpleprogrammer.com/2013/03/31/everyone-should-learn-to-program-but-not-everyone-should-be-a-programmer/,31 03 15:00,"[(u'should', 19), (u'program', 15), (u'2010', 12), (u'2011', 11), (u'2012', 11), (u'write', 10), (u'programming', 9)]"
Non-24-hour sleep-wake disorder,1,http://en.wikipedia.org/wiki/Non-24-hour_sleep-wake_disorder#Characteristics,31 03 15:00,"[(u'view', 9206), (u'sleep', 84), (u'24', 61), (u'hour', 31), (u'disorder', 26), (u'wake', 25), (u'blind', 20)]"
"Best application test with Ruby on Rails... capybara, selenium, watir.. webrat? ",1,http://news.ycombinator.com/item?id=5469777,31 03 15:00,"[(u'library', 190), (u'rails', 2), (u'webrat', 2), (u'selenium', 2), (u'application', 2), (u'capybara', 2), (u'test', 2)]"
Tower defence game on Google's Treasure Map.,1,http://www.MapsTD.com/,31 03 15:00,"[(u'sa', 1789), (u'game', 14), (u'play', 8), (u'tower', 7), (u'mapstd', 6), (u'attack', 6), (u'towers', 6)]"
VC Advises To Take More Photos,1,http://iamvictorio.us/post/46768738674/take-more-photos,31 03 15:00,"[(u'papercut', 1111), (u'photos', 4), (u'back', 3), (u'entrepreneur', 3), (u'life', 3), (u'advice', 3), (u'moments', 2)]"
Ask HN: Do you have work for me?,1,http://news.ycombinator.com/item?id=5469737,31 03 15:00,"[(u'library', 1321), (u'job', 5), (u'news', 4), (u""i'm"", 4), (u'basic', 4), (u'hn', 4), (u'money', 3)]"
I need to learn javascript,1,http://news.ycombinator.com/item?id=5469736,31 03 15:00,"[(u'library', 577), (u'hours', 6), (u'ago', 6), (u'learn', 5), (u'http', 3), (u'news', 3), (u'javascript', 3)]"
Cruel and Unusual Punishment: The Shame of Three Strikes Laws,17,http://www.rollingstone.com/politics/news/cruel-and-unusual-punishment-the-shame-of-three-strikes-laws-20130327?print=true,31 03 15:00,"[(u'policy', 21044), (u'strikes', 41), (u'years', 39), (u'law', 30), (u'life', 28), (u'california', 25), (u'people', 19)]"
Apple Loses The iPad Mini Trademark,3,http://www.forbes.com/sites/timworstall/2013/03/31/apple-loses-the-ipad-mini-trademark/,31 03 15:00,"[(u'reserved', 3526), (u'descriptive', 12), (u'mini', 12), (u'apple', 12), (u'ipad', 11), (u'trademark', 11), (u'term', 9)]"
Sending email using Ruby and Gmail,1,http://debugarea.com/2013/03/31/send-email-with-ruby-and-gmail/,31 03 15:00,"[(u'wordpress', 472), (u'smtp', 8), (u'gmail', 6), (u'email', 5), (u'ruby', 5), (u'reply', 3), (u'net', 3)]"
A Beginner's Guide to Irrational Behavior,1,https://www.coursera.org/course/behavioralecon,31 03 15:00,"[(u'coursera', 41), (u'javascript', 1), (u'orgloading', 1), (u'modern', 1), (u'enabled', 1), (u'browser', 1)]"
Dimensions of recommendations  What's missing?,1,http://deepakbala.me/2013/03/31/dimensions-of-recommendations-whats-missing/,31 03 15:00,"[(u'2012', 1588), (u'recommendations', 12), (u'amazon', 9), (u'based', 7), (u'social', 5), (u'follow', 4), (u'page', 4)]"
EWICON: blade less wind-energy convertor.,2,http://www.ewi.tudelft.nl/en/current/ewicon/,31 03 15:00,"[(u'delftmetamenuenglish', 154), (u'cookies', 2), (u'deze', 2), (u'van', 2), (u'gebruik', 2), (u'tu', 2), (u'delft', 2)]"
New Camera Sensor Filter Allows Twice As Much Light,3,http://gizmodo.com/5992743/panasonics-developed-a-simple-sensor-tweak-that-vastly-improves-low-light-photography,31 03 14:00,[]
How a Cyberwar was spun by shoddy journalism,1,http://www.guardian.co.uk/commentisfree/2013/mar/29/cyberwar-spun-shoddy-journalism,31 03 14:00,"[(u'internet', 13), (u'attack', 11), (u'people', 10), (u'guardian', 9), (u'journalism', 7), (u'stories', 5), (u'uk', 5)]"
"Worlds top supercomputer from 09 is now obsolete, will be dismantled",87,http://arstechnica.com/information-technology/2013/03/worlds-fastest-supercomputer-from-09-is-now-obsolete-will-be-dismantled/?utm_source=feedburner&utm_medium=feed&utm_campaign=Feed%3A+arstechnica%2Findex+%28Ars+Technica+-+All+content%29,31 03 14:00,"[(u'choices', 7222), (u'computer', 19), (u'power', 18), (u'roadrunner', 16), (u'1', 15), (u'alamos', 11), (u'ars', 11)]"
Introducing Livefyre Commenting System at AllThingsD (Disqus dropped),1,http://allthingsd.com/20130330/introducing-livefyre-commenting-at-allthingsd/,31 03 14:00,"[(u'version', 2695), (u'comments', 9), (u'livefyre', 8), (u'commenting', 7), (u'allthingsd', 7), (u'2013', 6), (u'digital', 6)]"
Interpersonal communication skills to best serve your client,1,http://12perks.com/blog/?p=40,31 03 14:00,"[(u'reserved', 2119), (u'client', 23), (u'meeting', 7), (u'communication', 6), (u'12perks', 5), (u'interpersonal', 4), (u'2013', 4)]"
"Things that, were I to unfortunately wake up as a recruiter, I would never do",1,http://jasonpunyon.com/blog/2013/03/31/things-that-were-i-to-unfortunately-wake-up-tomorrow-as-a-recruiter-i-would-never-do/,31 03 14:00,"[(u'octopress', 2506), (u'jason', 5), (u'mail', 5), (u'barbara', 5), (u'good', 4), (u'javascript', 4), (u'recruiter', 4)]"
Want to learn to code? Start here.,89,http://blog.zackshapiro.com/want-to-learn-to-code-start-here,31 03 14:00,"[(u'svbtle', 3133), (u'code', 13), (u'post', 8), (u'learning', 8), (u'learn', 8), (u'build', 8), (u""don't"", 7)]"
Google Maps: Treasure Map mode,156,https://maps.google.com/maps?t=8,31 03 14:00,"[(u'map', 427), (u'google', 5), (u'maps', 4), (u'loading', 3), (u'ad', 2), (u'owner', 2), (u'1', 2)]"
"The convergence of product development, social, and SEO",1,http://www.jonbirdsong.com/2013/03/31/the-convergence-of-seo-social-and-how-product-development-fits-into-the-mix/,31 03 14:00,"[(u'top', 3910), (u'sales', 17), (u'step', 14), (u'seo', 12), (u'keyword', 12), (u'process', 12), (u'product', 12)]"
256 Shades of Grey,4,http://techcrunch.com/2013/03/31/256-shades-of-grey/,31 03 14:00,"[(u'vip', 4723), (u'color', 13), (u'shades', 5), (u'pixel', 5), (u'techcrunch', 5), (u'content', 5), (u'white', 5)]"
Time management hacks,67,http://www.slideshare.net/egarbugli/26-time-management-hacks-i-wish-id-known-at-20,31 03 14:00,"[(u'settings', 4225), (u'work', 18), (u'time', 13), (u'www', 12), (u'agoreplyare', 10), (u'hours', 9), (u'viewslikelikedtime', 9)]"
Today is World Backup Day,45,http://www.worldbackupday.com?2013,31 03 14:00,"[(u'legal', 2164), (u'backup', 22), (u'world', 9), (u""it's"", 9), (u'important', 8), (u'files', 7), (u'day', 7)]"
Frighteningly Ambitious Startup Ideas - The Redux,28,https://medium.com/on-startups/55d6e81717a2,31 03 14:00,"[(u'2013', 3913), (u'ideas', 10), (u'email', 5), (u'startups', 5), (u'ambitious', 5), (u'list', 4), (u'todo', 4)]"
"SmartDeblur 2.0 - with blind deconvolution, like on the Adobe's demo",1,http://smartdeblur.net,31 03 14:00,"[(u'license', 907), (u'smartdeblur', 8), (u'images', 6), (u'blur', 6), (u'blurred', 5), (u'user', 4), (u'theory', 3)]"
Ann Arbor debt collection software expands into rental market,1,http://www.annarbor.com/business-review/ann-arbor-debt-collection-software-company-sees-growth-breaks-into-rental-market/,31 03 14:00,"[(u'agreement', 3533), (u'bzovi', 15), (u'arbor', 14), (u'ann', 12), (u'annarbor', 11), (u'collection', 9), (u'app', 8)]"
Microsoft seems to be using Linux for Skype master nodes,1,http://pastebin.com/2h8tLHR8,31 03 14:00,"[(u'seconds', 1306), (u'0', 21), (u'2', 19), (u'linux', 13), (u'6', 11), (u'65', 10), (u'1', 9)]"
The RESTful CookBook,89,http://restcookbook.com/,31 03 14:00,"[(u'cookbook', 1171), (u'rest', 8), (u'restful', 6), (u'site', 6), (u'api', 4), (u'issues', 3), (u'people', 3)]"
HasGeek Blurs the Line Between Writing Code and Hosting Events,2,http://forbesindia.com/blog/enterprise/hasgeek-blurs-the-line-between-writing-code-and-hosting-events/,31 03 14:00,"[(u'services', 6763), (u'events', 41), (u'hasgeek', 29), (u'jonnalagadda', 17), (u'line', 11), (u'code', 10), (u'community', 10)]"
Intelligent Content: Soon your media will know you better than you know yourself,1,http://paidcontent.org/2013/03/31/intelligent-content-soon-your-media-will-know-you-better-than-you-know-yourself/,31 03 14:00,"[(u'network', 3981), (u'content', 29), (u'comment', 10), (u'data', 9), (u'publishers', 8), (u'intelligent', 7), (u'media', 7)]"
Cruel and Unusual Punishment: The Shame of Three Strikes Laws,7,http://www.rollingstone.com/politics/news/cruel-and-unusual-punishment-the-shame-of-three-strikes-laws-20130327?print=true&src=longreads,31 03 14:00,"[(u'policy', 21044), (u'strikes', 41), (u'years', 39), (u'law', 30), (u'life', 28), (u'california', 25), (u'people', 19)]"
"Google Maps Treasure layer, closing of YouTube",1,http://venturebeat.com/2013/03/31/google-maps-treasure-map-youtube-closing-april-fools/,31 03 14:00,"[(u'p3', 3256), (u'google', 18), (u'maps', 10), (u'april', 9), (u'fools', 9), (u'video', 8), (u'treasure', 8)]"
"Brutal at First, But Startup Life Gets Better",1,http://blogs.wsj.com/accelerators/2013/03/29/brutal-at-first-but-startup-life-gets-better/,31 03 14:00,"[(u'startup', 11), (u'mr', 10), (u'steiner', 6), (u'working', 6), (u'accelerators', 6), (u'email', 6), (u'life', 6)]"
Why I (still) Love Perl,5,http://allisonrandal.com/2013/03/31/mythbusters-why-i-still-love-perl/,31 03 14:00,"[(u'perl', 73), (u'rakudo', 14), (u'love', 13), (u'language', 13), (u'community', 12), (u'languages', 10), (u'6', 10)]"
That Other School Shooting,1,http://www.nytimes.com/2013/03/31/magazine/should-it-matter-that-the-shooter-at-oikos-university-was-korean.html?hp&_r=0,31 03 14:00,"[(u'feedback', 3316), (u'goh', 14), (u'father', 7), (u'asked', 7), (u'told', 6), (u'korean', 6), (u'school', 5)]"
What do I do now?,1,http://news.ycombinator.com/item?id=5469459,31 03 14:00,"[(u'library', 2173), (u'idea', 11), (u'business', 6), (u'company', 5), (u'start', 4), (u'future', 4), (u'melodramatic', 4)]"
A Facebook group for the best videos about the web,1,https://www.facebook.com/groups/526860957352622/,31 03 14:00,"[(u'fran', 1), (u'english', 1), (u'friendsbadgespeoplepagesplacesappsgamesmusicaboutcreate', 1), (u'brasil', 1), (u'adcreate', 1), (u'deutschitaliano', 1), (u'upfacebook', 1)]"
Page Layout in the Era of Electronic Publishing,1,http://blog.uxproductivity.com/2013/03/30/page-layout-in-the-era-of-electronic-publishing/,31 03 14:00,"[(u'wordpress', 4552), (u'layout', 20), (u'page', 17), (u'text', 13), (u'word', 11), (u'screen', 10), (u'print', 9)]"
MythBusters: Should You Outsource Product Development? A Complete Guide,1,http://weavora.com/blog/2013/03/31/mythbusters-should-you-outsource-product-development-a-complete-guide,31 03 14:00,"[(u'team', 16), (u'product', 16), (u'development', 14), (u'project', 10), (u'work', 10), (u'good', 9), (u'developers', 8)]"
"Filling holes, a company philosophy",1,http://bitfountain.tumblr.com/post/46754420230/filling-holes,31 03 14:00,"[(u'bitfountainbitfountain', 931), (u'ios', 5), (u'design', 4), (u'coding', 4), (u'hole', 4), (u'end', 4), (u'fill', 3)]"
Why China Is Reading Your Email,41,http://online.wsj.com/article/SB10001424127887323419104578376042379430724.html?mod=WSJ_Opinion_LEADTop,31 03 14:00,"[(u'reprints', 10831), (u'cyber', 24), (u'class', 23), (u'chinese', 22), (u'div', 22), (u'thomas', 20), (u'content', 19)]"
Draft House Judiciary cybersecurity bill would stiffen anti-hacking law,1,http://thehill.com/blogs/hillicon-valley/technology/290103-draft-cybersecurity-bill-aims-to-stiffen-computer-hacking-law,31 03 14:00,"[(u'bill', 21), (u'draft', 17), (u'house', 12), (u'computer', 11), (u'companies', 10), (u'law', 9), (u'hill', 8)]"
Chocolate around the world. Every month. Deliver to your door.,1,http://www.sweetsubmarine.com/,31 03 14:00,"[(u'month', 520), (u'chocolate', 5), (u'love', 2), (u'sweet', 2), (u'awesome', 2), (u'extra', 2), (u'email', 2)]"
Meny.JS,7,https://github.com/hakimel/Meny,31 03 14:00,"[(u'html', 6031), (u'span', 235), (u'class', 156), (u'div', 45), (u'dd', 44), (u'li', 42), (u'href', 42)]"
It's hard to troll the Haskell community,7,https://gist.github.com/quchen/5280339,31 03 14:00,"[(u'blogsupportcontact', 2347), (u'xquasar', 27), (u'13', 24), (u'haskell', 16), (u'21', 12), (u'22', 11), (u'quchen', 10)]"
Double the brightness in low light photos with new color filtering technology,2,http://www.diginfo.tv/v/13-0021-r-en.php,31 03 13:00,"[(u'light', 22), (u'color', 18), (u'face', 8), (u""panasonic's"", 7), (u'brightness', 7), (u'3d', 7), (u'photos', 7)]"
First Responders' Gruesome Hobby,1,http://freedom-or-safety.com/blog/first-responders-gruesome-hobby/,31 03 13:00,"[(u'site', 1213), (u'people', 5), (u'responders', 4), (u'ems', 3), (u'books', 3), (u'news', 3), (u'gruesome', 3)]"
16 years uptime,5,http://arstechnica.com/civis/viewtopic.php?f=23&t=1199529,31 03 13:00,"[(u'choices', 6394), (u'mar', 46), (u'2013', 43), (u'ars', 43), (u'subscriptortribus', 33), (u'29', 29), (u'fri', 27)]"
AngelList Receives SEC No-Action Letter Two Days After FundersClub,62,http://www.daniellemorrill.com/2013/03/angellist-receives-sec-no-action-letter-days-after-fundersclub/,31 03 13:00,"[(u'cliffano', 4615), (u'angellist', 44), (u'sec', 36), (u'crowdfunding', 27), (u'platform', 27), (u'2013', 24), (u'letter', 23)]"
"India's Uber, facing even worse political hurdles",2,http://shashwatdc.com/2013/02/merucabmumbai/,31 03 13:00,"[(u'3', 8457), (u'meru', 42), (u'mumbai', 25), (u'2', 17), (u'1', 13), (u'city', 13), (u'2009', 12)]"
Online Education's Dirty Secret - Awful Retention,145,http://rein.pk/online-educations-dirty-secret-awful-retention/,31 03 13:00,"[(u'class', 14), (u'coursera', 13), (u'email', 11), (u'edx', 10), (u'week', 10), (u'people', 9), (u'retention', 8)]"
The picture that makes you feel as if you're on Mars,2,http://www.dailymail.co.uk/sciencetech/article-2301619/Amazing-FOUR-BILLION-PIXEL-interactive-panorama-gives-360-degree-view-Mars-standing-Curiosity-rover.html,31 03 13:00,"[(u'cookies', 3874), (u'mars', 16), (u'01', 12), (u'2013', 11), (u'4', 11), (u'curiosity', 10), (u'rate', 10)]"
JavaScript is Not Web Assembly,140,http://blog.izs.me/post/10213512387/javascript-is-not-web-assembly#,31 03 13:00,"[(u'html', 3711), (u'likes', 40), (u'izs', 16), (u'amp', 14), (u'js', 11), (u'div', 10), (u'language', 10)]"
"Calendar Frenzy, Google Now, and Apple's ""Anticipatory Computing"" Problem",1,http://techcrunch.com/2013/03/31/calendar-frenzy/,31 03 13:00,"[(u'vip', 6025), (u'calendar', 22), (u'app', 18), (u'apple', 17), (u'ios', 15), (u'google', 14), (u'apps', 11)]"
At Age 25 Mark Cuban Learned Lessons About Leadership That Changed His Life,1,http://www.forbes.com/sites/monteburke/2013/03/28/at-age-25-mark-cuban-learned-lessons-about-leadership-that-changed-his-life,31 03 13:00,"[(u'reserved', 8065), (u'days', 12), (u'back', 12), (u'called', 12), (u'permalinkflagreply', 11), (u'people', 11), (u'company', 9)]"
Why has Facebook Translate stopped working?,1,http://www.telegraph.co.uk/technology/advice/9952947/Why-has-Facebook-Translate-stopped-working.html,31 03 13:00,"[(u'forecast', 1699), (u'telegraph', 7), (u'translate', 6), (u'technology', 5), (u'facebook', 4), (u'working', 4), (u's4', 4)]"
America the innovative?,4,http://www.nytimes.com/2013/03/31/sunday-review/america-the-innovative.html?hp&_r=0,31 03 13:00,"[(u'feedback', 3028), (u'america', 10), (u'states', 7), (u'united', 7), (u'world', 7), (u'china', 6), (u'nytimes', 5)]"
Using Kippt as an RSS reader,2,http://jpadilla.com/post/46758813866/kippt-as-an-rss-reader,31 03 13:00,"[(u'mikedidthis', 1099), (u'kippt', 8), (u'rss', 8), (u'likes', 5), (u'list', 4), (u'superfeedr', 3), (u'feed', 3)]"
Ask HN: How important is design?,3,http://news.ycombinator.com/item?id=5469283,31 03 13:00,"[(u'library', 1474), (u'design', 13), (u'hours', 12), (u'ago', 12), (u'important', 7), (u'reddit', 6), (u'craigslist', 5)]"
Letter from upset developer to Blackberry,1,http://openwhatsapp.org/blog/2013/03/24/dear-blackberry/,31 03 13:00,"[(u'github', 6763), (u'2013', 38), (u'03', 37), (u'whatsapp', 27), (u'blackberry', 27), (u'25', 22), (u'app', 16)]"
"28,000 rivers wiped off the map of China",2,http://www.theaustralian.com.au/news/world/rivers-wiped-off-the-map-of-china/story-e6frg6so-1226609139591,31 03 13:00,"[(u'practice', 2524), (u'rivers', 9), (u'water', 8), (u'000', 6), (u'found', 4), (u'text', 4), (u'caused', 3)]"
Kerbal Space Program - space flight simulator game,126,https://kerbalspaceprogram.com/,31 03 13:00,"[(u'policy', 898), (u'www', 7), (u'kerbalspaceprogram', 7), (u'index', 7), (u'host', 7), (u'htdocs', 7), (u'line', 7)]"
Drive atop Google's Streetview car in your browser,2,http://spicavigo.github.com/streetview-video/,31 03 13:00,"[(u'video', 43), (u'google', 1), (u'carchoose', 1), (u'streetview', 1), (u'density248create', 1), (u'drive', 1), (u'spicavigofork', 1)]"
Online media: Youll never work at home,1,http://www.economist.com/news/business/21574497-yahoo-buys-teenagers-start-up-youll-never-work-home,31 03 13:00,"[(u'usehelp', 3238), (u'cookies', 24), (u'site', 17), (u'economist', 12), (u'march', 9), (u'browse', 8), (u'information', 8)]"
YouTube's ready to select a winner [video],1,http://www.youtube.com/watch?v=H542nLTTbu0&feature=youtu.be,31 03 13:00,"[(u'note', 4829), (u'youtube', 167), (u'sign', 76), (u'http', 61), (u'watch', 46), (u'www', 45), (u'picasa', 23)]"
"HTTP 420 ""Enhance your calm""",2,https://dev.twitter.com/docs/error-codes-responses,31 03 13:00,"[(u'acquia', 2080), (u'error', 17), (u'api', 15), (u'1', 11), (u'twitter', 9), (u'request', 9), (u'codes', 8)]"
The 2013 TIME 100 Poll,1,http://time100.time.com/2013/03/28/time-100-poll/,31 03 13:00,"[(u'partners', 1180), (u'time', 9), (u'2013', 6), (u'100', 5), (u'results', 3), (u'poll', 3), (u'privacy', 2)]"
Make an April Fool's card for someone with my latest app,1,http://allpurposecard.com/,31 03 13:00,"[(u'webjacbookmarkfeedbackpermalinktweet', 40), (u'purpose', 2), (u'card', 2), (u'make', 1), (u'cardaboutinspirationby', 1)]"
