Title,Points,Url,Time_Posted,Keywords
IP Theft by offshore staff,1,http://mojolabs.me/2013/04/02/ip-theft-by-offshore-staff-what-we-did/,04 04 02:00,"[(u'offshore', 8), (u'theft', 8), (u'ip', 8), (u'2013', 7), (u'staff', 6), (u'work', 5), (u'mojolabs', 4)]"
Microsoft prevents competitors' employees from attending their event,2,http://www.digitalwpc.com/WPC2013/Registration/Pages/Registration.aspx#fbid=HX5tWS6uyHN,04 04 02:00,[]
Brain-mapping initiative to cost substantially less than human genome project,3,"http://www.latimes.com/news/science/sciencenow/la-sci-sn-brain-initiative-obama-funds-20130402,0,1492083.story",04 04 02:00,"[(u'understand', 34), (u'brain', 24), (u'2013', 14), (u'03', 10), (u'initiative', 10), (u'human', 10), (u'research', 8)]"
This Professor only has a PhD degree,191,http://www.earthsciences.hku.hk/index.php/people/profile/42,04 04 02:00,"[(u'zong', 55), (u'holocene', 35), (u'china', 28), (u'sea', 27), (u'level', 23), (u'quaternary', 21), (u'coastal', 20)]"
Jane Henson  shaper of muppets  dies,3,http://www.nytimes.com/reuters/2013/04/02/arts/02reuters-janehenson.html?hp,04 04 02:00,"[(u'rural', 19), (u'henson', 15), (u'jim', 7), (u'muppets', 6), (u'show', 5), (u'children', 4), (u'nebel', 4)]"
Betaout  An Editorial Project Management Product For Publishers [Part 1],1,http://lighthouseinsights.in/review-of-betaout-a-editorial-project-management-for-publishers.html,04 04 02:00,"[(u'enrolled', 31), (u'media', 17), (u'user', 17), (u'content', 13), (u'social', 13), (u'section', 12), (u'product', 12)]"
COMEFROM,1,http://en.wikipedia.org/wiki/COMEFROM,04 04 02:00,"[(u'comefrom', 27), (u'statement', 15), (u'goto', 9), (u'edit', 7), (u'debug', 7), (u'language', 7), (u'programming', 7)]"
My Passover Project: Introducing Rattlesnake.CLR,1,http://ayende.com/blog/161889/my-passover-project-introducing-rattlesnake-clr?key=d79d601a-c67a-4d80-a182-117b2e343aac,04 04 02:00,"[(u'heap', 37), (u'memory', 34), (u'2013', 27), (u'01', 22), (u'04', 20), (u'pm', 19), (u'references', 17)]"
As we spend more and more time on mobile  Twitter focus more on it,3,http://techcrunch.com/2013/04/02/twitter-introducing-new-card-types-including-photo-galleries-at-developer-meetup/,04 04 02:00,"[(u'dvr', 43), (u'app', 27), (u'twitter', 23), (u'card', 10), (u'types', 8), (u'mobile', 8), (u'deep', 7)]"
What Responsibility Do Engineers Have for Online Privacy?,9,http://www.scottporad.com/2013/04/02/what-responsibility-do-engineers-have-for-online-privacy/,04 04 02:00,"[(u'privacy', 17), (u'2011', 12), (u'2012', 12), (u'2010', 11), (u'online', 11), (u'2009', 10), (u'engineering', 8)]"
Asian shares fall,1,http://finance.yahoo.com/news/asian-shares-mark-time-banks-002438220.html,04 04 02:00,"[(u'hours', 19), (u'ago', 19), (u'0', 16), (u'yahoo', 15), (u'percent', 10), (u'tickerthe', 10), (u'shares', 9)]"
BBC Lab Great British Class Survey ,4,http://www.bbc.co.uk/news/magazine-22000973,04 04 02:00,"[(u'class', 45), (u'group', 39), (u'people', 27), (u'universityare', 19), (u'social', 17), (u'cultural', 17), (u'british', 15)]"
The Right Way to Manage and Execute Side Projects,1,http://99u.com/articles/14314/sparks-and-experiments-the-right-way-to-manage-and-execute-side-projects,04 04 02:00,"[(u'ideas', 12), (u'projects', 12), (u'side', 8), (u'team', 7), (u'client', 7), (u'reel', 7), (u'experiment', 6)]"
Numbers of HTML5 audio in canvas 2D and WebGL 3D graphics demos,2,http://chromium.googlecode.com/svn/trunk/samples/audio/index.html,04 04 02:00,"[(u'requires', 37), (u'audio', 12), (u'sound', 9), (u'effects', 7), (u'safari', 7), (u'apple', 7), (u'builds', 7)]"
Show HN: Crawling P2P websites and shoving them into a map,1,http://www.outpostp2p.com,04 04 02:00,"[(u'outpost', 4), (u'planning', 3), (u'p2p', 3), (u'people', 2), (u'peer', 2), (u'place', 2), (u'check', 2)]"
Haskell Web Programming,2,http://yannesposito.com/Scratch/en/blog/Yesod-tutorial-for-newbies/#,04 04 02:00,"[(u'handler', 42), (u'yesod', 32), (u'article', 28), (u'haskell', 26), (u'inside', 25), (u'text', 19), (u'echo', 18)]"
Where do evil merges come from?,1,http://git-blame.blogspot.com/2013/04/where-do-evil-merges-come-from.html,04 04 02:00,"[(u'call', 6), (u'friend', 6), (u'merge', 5), (u'argument', 5), (u'evil', 5), (u'pass', 4), (u'git', 4)]"
HBO: Piracy Not A Threat... Its a Compliment,2,http://technow.info/2013/04/hbo-piracy-not-a-threat-its-a-compliment/,04 04 02:00,"[(u'piracy', 9), (u'compliment', 6), (u'threat', 6), (u'hbo', 6), (u'facebook', 4), (u'lombardo', 4), (u'home', 3)]"
Spectacular night city by HTML5 webgl,2,http://alteredqualia.com/three/examples/webgl_city.html,04 04 02:00,"[(u'procedural', 19), (u'music', 2), (u'helicopter', 2), (u'js', 2), (u'sound', 2), (u'nofeedbak', 1), (u'erik', 1)]"
Ask HN: 5 years later  how would you change YCombinator.com/ideas.html?,11,http://news.ycombinator.com/item?id=5484382,04 04 02:00,"[(u""we'd"", 40), (u'ideas', 4), (u'years', 3), (u'html', 3), (u'ycombinator', 3), (u'hn', 3), (u'news', 2)]"
Survey reveals UK 'now has seven social classes',4,http://www.bbc.co.uk/news/uk-22007058,04 04 02:00,"[(u'class', 38), (u'social', 18), (u'bbc', 14), (u'uk', 12), (u'survey', 11), (u'cultural', 11), (u'capital', 10)]"
How the Internet has radically changed Sci-Fi movies,1,http://www.flickeringmyth.com/2013/03/special-features-how-internet-has.html,04 04 02:00,"[(u'starting', 28), (u'man', 11), (u'internet', 10), (u'films', 9), (u'fi', 6), (u'sci', 5), (u'features', 5)]"
Mobile app deep-linking and new Cards,2,https://dev.twitter.com/blog/mobile-app-deep-linking-and-new-cards,04 04 02:00,"[(u'songs', 22), (u'app', 18), (u'cards', 16), (u'twitter', 13), (u'content', 8), (u'types', 7), (u'linking', 6)]"
Google Glass  meet Baidu Eye,1,http://venturebeat.com/2013/04/02/google-glass-meet-baidu-eye/,04 04 02:00,"[(u'time', 17), (u'money', 15), (u'google', 15), (u'baidu', 13), (u'mobile', 13), (u'app', 9), (u'technology', 9)]"
Twitter Just Became Every Mobile Apps BestFriend,1,http://erickschonfeld.com/2013/04/02/twitter-mobile-apps-best-friend/,04 04 02:00,"[(u'twitter', 33), (u'app', 23), (u'push', 22), (u'mobile', 19), (u'cards', 13), (u'apps', 13), (u'2013', 11)]"
Ask HN: Any good reason for HEAD and BODY tags in HTML?,2,http://news.ycombinator.com/item?id=5484352,04 04 02:00,"[(u'fact', 37), (u'head', 5), (u'good', 3), (u'body', 3), (u'tags', 3), (u'reason', 3), (u'html', 3)]"
What's launching next? Upcoming startup aggregator,2,http://www.launchingnext.com/,04 04 02:00,"[(u'startup', 23), (u'view', 21), (u'dream', 19), (u'april', 17), (u'wednesday', 9), (u'startups', 5), (u'tuesday', 5)]"
The Secret Behind Oreo's Social Media Marketing,1,http://www.shopify.com/blog/7589919-the-secret-behind-oreos-social-media-marketing#axzz2PN8yO1fH,04 04 02:00,"[(u'oreo', 32), (u'29amoreos', 22), (u'social', 20), (u'media', 19), (u'day', 11), (u'bowl', 11), (u'super', 11)]"
What Americans believe about conspiracy theories,1,http://www.publicpolicypolling.com/pdf/2011/PPP_Release_National_ConspiracyTheories_040213.pdf,04 04 02:00,[]
Ask HN: Need some start-up career advice.,1,http://news.ycombinator.com/item?id=5484289,04 04 02:00,"[(u'menu', 5), (u'start', 5), (u'product', 5), (u'time', 4), (u'day', 3), (u'ago', 3), (u'month', 3)]"
The Point Of A Startup Is To Make Money  Not To Raise Money,4,http://fogbeam.blogspot.com/2013/03/the-point-of-startup-is-to-make-money.html,04 04 02:00,"[(u'2009', 40), (u'startup', 11), (u'startups', 11), (u'triangle', 8), (u'raising', 7), (u'entrepreneurs', 6), (u'raise', 6)]"
The art of pitching from Richard Branson,3,http://www.linkedin.com/today/post/article/20130327150234-204068115-the-art-of-pitching,04 04 02:00,"[(u'original', 22), (u'pitches', 9), (u'1dflag', 8), (u'pitch', 8), (u'pitching', 7), (u'things', 7), (u'business', 7)]"
Tableau files for IPO,30,http://www.forbes.com/sites/ryanmac/2013/04/02/tableau-files-for-ipo-as-strong-run-for-business-software-continues/,04 04 02:00,"[(u'2008', 13), (u'data', 11), (u'tableau', 9), (u'forbes', 9), (u'software', 9), (u'companies', 8), (u'million', 7)]"
Two simple tips for using email effectively,1,http://ryancarson.com/post/45107058899/two-simple-tips-for-using-email-effectively,04 04 02:00,"[(u'issue', 9), (u'reply', 8), (u'email', 8), (u'likes', 8), (u'should', 6), (u'number', 6), (u'tips', 5)]"
Ask HN: When will Bootstrap v3 be released,1,http://news.ycombinator.com/item?id=5484243,04 04 02:00,"[(u'bootstrap', 4), (u""there's"", 3), (u'ago', 3), (u'v3', 3), (u'redesign', 2), (u'day', 2), (u'twitter', 2)]"
Myths about India's patent rules,1,http://blogs.timesofindia.indiatimes.com/cursor/entry/myths-about-india-s-patent-rules,04 04 02:00,"[(u'patent', 24), (u'times', 18), (u'patents', 17), (u'original', 17), (u'0', 15), (u'2013', 15), (u'april', 15)]"
The Content Marketing Approach to Branding,2,http://www.slideshare.net/krhemani/the-content-marketing-approach-to-branding-17175225,04 04 02:00,"[(u'content', 20), (u'click6', 19), (u'marketing', 17), (u'viewslikelikedcontent', 8), (u'www', 7), (u'media', 6), (u'social', 6)]"
Advice Taker: Programs with Common Sense  John McCarthy 1958,1,http://en.wikipedia.org/wiki/Advice_taker,04 04 02:00,"[(u'pzg', 28), (u""'"", 12), (u'_', 7), (u'0', 6), (u'mf', 4), (u'tq', 2), (u'zp', 2)]"
Thyroid Annoyance and A Day with the C Word,1,http://venetiawrites.tumblr.com/post/46995004938/thyroid-annoyance-a-day-with-the-c-word,04 04 02:00,"[(u'today', 7), (u'day', 6), (u'people', 6), (u'world', 5), (u'waiting', 5), (u'side', 4), (u'wait', 4)]"
The Setup / Tom Bihn,2,http://tom.bihn.usesthis.com/,04 04 02:00,"[(u'design', 7), (u'3d', 5), (u'machine', 5), (u'sewing', 5), (u'make', 5), (u'illustrator', 5), (u'work', 4)]"
SEC Says Social Media OK for Company Announcements if Investors Are Alerted,3,http://www.sec.gov/news/press/2013/2013-51.htm,04 04 02:00,"[(u'information', 12), (u'social', 11), (u'media', 11), (u'sec', 10), (u'investors', 10), (u'company', 9), (u'report', 8)]"
Steam's New Repo,1,http://repo.steampowered.com/,04 04 02:00,"[(u'steam', 10), (u'index', 2), (u'22', 2), (u'2013', 2), (u'modifiedsizehometest', 1), (u'80', 1), (u'port', 1)]"
Codecademy: Introducing a New Learning Experience,1,http://www.codecademy.com/blog/62-introducing-a-new-learning-experience,04 04 02:00,"[(u'browser', 20), (u'google', 3), (u'chrome', 3), (u'frame', 2), (u'install', 2), (u'browsers', 1), (u'codecademycodecademyyour', 1)]"
Long Exposure Airplane Trail Photos Shot at Airports Around the World,1,http://www.petapixel.com/2013/04/01/long-exposure-airplane-trail-photos-shot-at-airports-around-the-world/?utm_source=feedburner&utm_medium=feed&utm_campaign=Feed%3A+PetaPixel+%28PetaPixel%29,04 04 02:00,"[(u'time', 36), (u'photos', 8), (u'shot', 7), (u'exposure', 6), (u'trails', 5), (u'light', 5), (u'airports', 5)]"
Bitcoin up 15+ percent in 1 day,43,https://mtgox.com/,04 04 02:00,"[(u'depositsresuming', 22), (u'gox', 12), (u'bitcoin', 8), (u'mt', 8), (u'deposits', 3), (u'world', 3), (u'trading', 3)]"
Visualize python program execution,2,http://www.pythontutor.com/visualize.html#,04 04 02:00,"[(u'order', 13), (u'aliasing', 8), (u'python', 7), (u'code', 5), (u'closure', 5), (u'll', 3), (u'list', 3)]"
"Ask HN: Where/how do you back up your ""Million Dollar"" source code?",3,http://news.ycombinator.com/item?id=5484083,04 04 02:00,"[(u'ago', 5), (u'source', 4), (u'code', 3), (u'day', 3), (u'back', 3), (u'million', 3), (u'dollar', 2)]"
Twitter creates more 'Cards' for displaying multimedia content,3,http://www.theverge.com/2013/4/2/4176712/twitter-creates-more-cards-for-displaying-multimedia-content-keeping,04 04 02:00,"[(u'devicesmisc', 26), (u'review', 25), (u'allrecent', 23), (u'posts', 20), (u'twitter', 16), (u'ago', 15), (u'app', 13)]"
Search federal hospital inspection reports,21,http://www.hospitalinspections.org/#map,04 04 02:00,"[(u'hospital', 7), (u'inspection', 6), (u'hospitals', 6), (u'health', 5), (u'care', 5), (u'reports', 5), (u'cms', 5)]"
Show HN: 10min Introduction to Social Machines,2,http://vimeo.com/socialmachines/10min-intro,04 04 02:00,"[(u'vimeo', 10), (u'videos', 7), (u'video', 4), (u'socialmachines', 2), (u'loading', 2), (u'upload', 2), (u'watch', 2)]"
Firefox 20 released: Here is whats new,7,https://blog.mozilla.org/blog/2013/04/02/firefox-gives-you-more-control-over-your-privacy/,04 04 02:00,"[(u'firefox', 64), (u'mozilla', 54), (u'private', 48), (u'2013', 47), (u'april', 47), (u'pingback', 46), (u'20', 43)]"
How to respond to overly specific technical questions in an interview?,1,http://workplace.stackexchange.com/questions/10806/how-to-respond-to-overly-specific-technical-questions-in-an-inteview,04 04 02:00,"[(u'questions', 30), (u'answer', 24), (u'asked', 17), (u'question', 14), (u""don't"", 13), (u'technical', 12), (u'interview', 11)]"
IOS 5 is dead,4,https://mixpanel.com/trends/#report/ios_frag,04 04 02:00,"[(u'uppricingcompanyblogjobstermsprivacy', 13), (u'mixpanel', 2), (u'mobile', 1), (u'analyticsfeaturespricingcompanylog', 1), (u'insign', 1), (u'trends', 1)]"
Ask HN: how do you know about China's Startup,1,http://news.ycombinator.com/item?id=5484001,04 04 02:00,"[(u'newshacker', 28), (u'startup', 3), (u'day', 3), (u""china's"", 3), (u'ago', 3), (u'news', 2), (u'hn', 2)]"
The Difficulty of Chaotic Good,2,http://decomplecting.org/blog/2013/04/02/the-difficulty-of-chaotic-good/,04 04 02:00,"[(u'good', 21), (u'chaotic', 19), (u'beholden', 16), (u'organization', 12), (u'alignment', 12), (u'lawful', 10), (u'evil', 9)]"
What Big Data will never explain,2,http://www.newrepublic.com/article/112734/what-big-data-will-never-explain,04 04 02:00,"[(u'data', 19), (u'big', 1), (u'explain', 1), (u'republic', 1), (u'what', 0), (u'never', 0), (u'will', 0)]"
Samoa Air charges passengers by weight,4,http://www.npr.org/blogs/thetwo-way/2013/04/02/176062612/no-april-fools-joke-samoa-air-charges-passengers-by-weight,04 04 02:00,"[(u'songs', 19), (u'samoa', 10), (u'passengers', 8), (u'news', 7), (u'airline', 5), (u'comments', 4), (u'2013', 4)]"
'New York Times' Ad Shows Paper on Day You Were Born,4,http://mashable.com/2013/04/02/new-york-times-prudential-ad/,04 04 02:00,[]
Apple Insiders Rumor Mill,1,http://branch.com/b/apple-to-begin-iphone-production-this-quarter,04 04 02:00,"[(u'04', 35), (u'link', 32), (u'copy', 31), (u'show', 31), (u'2013', 30), (u'utcpress', 30), (u'ctrl', 30)]"
Ask HN: I want to provide free research.,1,http://news.ycombinator.com/item?id=5483912,04 04 02:00,"[(u""that's"", 25), (u'research', 6), (u'free', 4), (u'analysis', 3), (u'objective', 2), (u'design', 2), (u'news', 2)]"
Ask HN: There is a New Relic for Data Bases?,2,http://news.ycombinator.com/item?id=5483910,04 04 02:00,"[(u'queries', 5), (u'relic', 4), (u'day', 3), (u'options', 3), (u'ago', 3), (u'database', 3), (u""don't"", 2)]"
"The ""Me Too"" trap of Competitive Advantage",1,http://thelawofidentity.com/Business/2013/01/11/The-%22me-too%22-trap-of-Competitive-Advantage.html,04 04 02:00,"[(u'competitive', 18), (u'advantage', 15), (u'business', 15), (u'competitors', 10), (u'good', 8), (u'fact', 8), (u'competitor', 8)]"
PR Situations You Cant Control and How to Deal With Them,8,http://www.thedailymuse.com/entrepreneurship/3-pr-situations-you-cant-control-and-how-to-deal-with-them/#ixzz2PMf7WLMh,04 04 02:00,"[(u'roomtrending', 34), (u'story', 11), (u'journalist', 9), (u'event', 6), (u'company', 6), (u'situations', 5), (u'pr', 5)]"
What is a Career in Project and Product Management?,20,http://www.themuse.com/careerpaths/productmanagement,04 04 02:00,"[(u'order', 28), (u'product', 12), (u'project', 5), (u'management', 4), (u'people', 2), (u'ways', 2), (u'user', 2)]"
Responsive Deliverables,1,http://daverupert.com/2013/04/responsive-deliverables/,04 04 02:00,"[(u'components', 9), (u'web', 8), (u'listsdropdownspaginationdata', 7), (u'design', 6), (u'responsive', 5), (u'should', 5), (u'code', 4)]"
Find What You Love,1,http://stemmings.com/find-what-you-love/,04 04 02:00,[]
8 Guidelines and 1 Rule for Responsive Images Cloud Four Blog,1,http://blog.cloudfour.com/8-guidelines-and-1-rule-for-responsive-images/,04 04 02:00,"[(u'images', 44), (u'image', 38), (u'responsive', 23), (u'width', 17), (u'reply', 13), (u'2013', 12), (u'april', 12)]"
What are the algos for differentiating and integrating functions?,4,http://news.ycombinator.com/item?id=5483841,04 04 02:00,"[(u'make', 28), (u'ago', 4), (u'numerical', 4), (u'integration', 3), (u'epsilon', 3), (u'algos', 3), (u'differentiation', 2)]"
Are you an underpaid developer?,78,http://blog.goodsense.io/2013/04/02/are-you-an-underpaid-developer/,04 04 02:00,"[(u'reply', 28), (u'2013', 27), (u'april', 27), (u'underpaid', 19), (u'developer', 18), (u'money', 18), (u'developers', 17)]"
Please name all the people in this photo.,1,http://ycuniverse.com/see-also,04 04 02:00,"[(u'sf', 26), (u'yc', 15), (u'combinator', 14), (u'news', 8), (u'paul', 7), (u'demo', 6), (u'ycombinator', 5)]"
Rick-rolling on your terminal,1,https://github.com/keroserene/rickrollrc,04 04 02:00,"[(u'playing', 16), (u'cygwin', 5), (u'rick', 4), (u'rickrollrc', 4), (u'curl', 4), (u'keroserene', 4), (u'roll', 4)]"
Philly ETE - Keynote Summary,1,http://garysieling.com/blog/philly-ete-2013-day-1-keynote,04 04 02:00,"[(u'extjs', 19), (u'cookbooknotfound', 13), (u'data', 9), (u'ete', 8), (u'philly', 7), (u'vagrant', 6), (u'performance', 6)]"
Guts Not Skills are Needed to Price Your SaaS Offering,1,http://getfraser.com/blog/2013/3/2/pricing-saas-is-110-skill-and-910-nuts,04 04 02:00,"[(u'pricing', 12), (u'price', 9), (u'people', 7), (u'saas', 6), (u'customers', 6), (u'saasquatch', 5), (u'investment', 5)]"
Leonovus turns a small town into a distributed data center,1,http://venturebeat.com/2013/03/09/leonovus-turns-a-small-canadian-town-into-a-distributed-data-center-exclusive/,04 04 02:00,"[(u'underutilized', 31), (u'leonovus', 25), (u'data', 18), (u'technology', 18), (u'campbell', 16), (u'companies', 15), (u'money', 15)]"
Ask HN: What should I do next with a million?,6,http://news.ycombinator.com/item?id=5483789,04 04 02:00,"[(u'throwaway', 31), (u'ago', 7), (u'should', 5), (u'day', 5), (u""don't"", 4), (u'startup', 4), (u'million', 4)]"
Jack Dorsey &amp; Golden Gate Bridge,1,http://techcrunch.com/2011/03/24/jack-dorsey-golden-gate-bridge/,04 04 02:00,"[(u'bridge', 27), (u'external', 19), (u'design', 18), (u'company', 17), (u'square', 14), (u'people', 13), (u'beautiful', 11)]"
Why are DNS services so expensive?,2,http://news.ycombinator.com/item?id=5483779,04 04 02:00,"[(u'talk', 19), (u'ago', 3), (u'expensive', 3), (u'dns', 3), (u'free', 2), (u'anycast', 2), (u'zoneedit', 2)]"
Show HN: my new app Timebar has a clever UI (I think),73,http://news.ycombinator.com/item?id=5483767,04 04 02:00,"[(u'ago', 55), (u'day', 36), (u'app', 24), (u'hours', 21), (u'timer', 15), (u'replymarkchristian', 15), (u'full', 14)]"
Is Ruby on Rails still relevant?,5,http://news.ycombinator.com/item?id=5483752,04 04 02:00,"[(u'rails', 11), (u'ago', 10), (u'ruby', 9), (u'ror', 5), (u'hours', 5), (u'language', 5), (u'startups', 5)]"
Ask HN: What is the best resource to learn python data structures?,2,http://news.ycombinator.com/item?id=5483729,04 04 02:00,"[(u'bookmarklet', 37), (u'structures', 2), (u'python', 2), (u'hn', 2), (u'news', 2), (u'data', 2), (u'resource', 2)]"
Soundcloud's April Fool prank backfires badly,2,http://www.attackmagazine.com/news/soundcloud-when-april-fools-day-pranks-go-wrong/,04 04 02:00,"[(u'april', 19), (u'original', 19), (u'soundcloud', 12), (u'users', 8), (u'day', 7), (u'message', 7), (u'wrote', 7)]"
Solid electrolyte may end the catastrophic failures of lithium batteries,2,http://arstechnica.com/science/2013/04/solid-electrolyte-may-end-the-catastrophic-failures-of-lithium-batteries/,04 04 02:00,"[(u'ars', 12), (u'lithium', 11), (u'ions', 10), (u'batteries', 9), (u'material', 8), (u'battery', 8), (u'move', 6)]"
Problems worth solving: There's hardly any geo data on Asthma,1,http://www.huffingtonpost.com/meredith-barrett-phd/geography-of-asthma-risk_b_2910104.html,04 04 02:00,"[(u'activism', 31), (u'asthma', 28), (u'health', 13), (u'oakland', 8), (u'san', 7), (u'gay', 7), (u'public', 6)]"
JUNK HACK,1,http://www.junkhack.com/,04 04 02:00,"[(u'comment', 1), (u'code', 1), (u'loading', 1), (u'orderbirdsfoodjoshhtml', 1), (u'comments', 1), (u'day', 1), (u'written', 1)]"
SMAZ - compression for very small strings,1,https://github.com/antirez/smaz,04 04 02:00,"[(u'compressed', 20), (u'latest', 19), (u'smaz', 9), (u'antirez', 9), (u'string', 7), (u'compress', 7), (u'31', 6)]"
NES/Famicom Dual-Tile Encoding algorithm,1,http://www.romhacking.net/download/documents/142/,04 04 02:00,"[(u'translationstales', 19), (u'newest', 5), (u'wanted', 3), (u'rhdn', 3), (u'0', 2), (u'filessubmit', 2), (u'hacksgamesfontsabandonednews', 2)]"
Litecoin Sees Huge Price Jump After Launch Of 'Atlantis',2,http://cryptojunky.com/blog/2013/04/02/litecoin-hits-new-highs/,04 04 02:00,"[(u'litecoin', 28), (u'bitcoin', 15), (u'mining', 9), (u'april', 9), (u'2013', 8), (u'btc', 8), (u'currency', 7)]"
Cloud Provider DigitalOcean Exposes Users' VM Data,9,http://www.wired.com/wiredenterprise/2013/04/digitalocean/,04 04 02:00,"[(u'strings', 23), (u'data', 16), (u'wired', 15), (u'cloud', 8), (u'digitalocean', 7), (u'company', 5), (u'space', 5)]"
1 458 Bacteria Species 'New to Science' Found in Our Belly Buttons,1,http://www.theatlantic.com/health/archive/2012/12/1-458-bacteria-species-new-to-science-found-in-our-belly-buttons/266360/,04 04 02:00,"[(u'4a', 37), (u'2013', 30), (u'belly', 18), (u'button', 13), (u'bacteria', 11), (u'apr', 8), (u'james', 7)]"
Show HN: Degrees of Separation,4,http://news.ycombinator.com/item?id=5483649,04 04 02:00,"[(u'starting', 16), (u'facebook', 3), (u'feedback', 2), (u'degrees', 2), (u'day', 2), (u'people', 2), (u'news', 2)]"
The Curse of Tomorrow,1,http://learntoduck.net/curse-of-tomorrow,04 04 02:00,"[(u'talk', 13), (u'tomorrow', 12), (u'today', 10), (u'day', 9), (u'curse', 6), (u'world', 4), (u'april', 4)]"
Keiser Report: Bitcoin vs Banksters (video) ,1,http://www.youtube.com/watch?v=KP6pBS6uptE&feature=youtu.be&t=12m8s,04 04 02:00,"[(u'sign', 88), (u'youtube', 88), (u'comment', 31), (u'google', 29), (u'account', 27), (u'picasa', 27), (u'orkut', 27)]"
MantriJS The Dependency System launches,2,http://mantrijs.com,04 04 02:00,"[(u'mantri', 8), (u'require', 6), (u'code', 5), (u'module', 5), (u'build', 5), (u'namespaces', 4), (u'modular', 4)]"
AeroFS (YC S10) exits private beta,143,http://blog.aerofs.com/336/open-for-business,04 04 02:00,"[(u'team', 13), (u'aerofs', 9), (u'members', 5), (u'collaborators', 4), (u'external', 4), (u'users', 4), (u'yuri', 3)]"
(Who invented Bitcoin?),2,http://www.newyorker.com/online/blogs/elements/2013/04/the-future-of-bitcoin.html#ixzz2PJxomYu8,04 04 02:00,"[(u'bitcoin', 55), (u'bitcoins', 21), (u'currency', 15), (u'network', 14), (u'foundation', 10), (u'nakamoto', 10), (u'money', 10)]"
Tech Tuesday: Growing Your Engineering Organization,2,http://continuations.com/post/46930668482/tech-tuesday-growing-your-engineering-organization,04 04 02:00,"[(u'likes', 9), (u'don', 6), (u'engineering', 6), (u'teams', 5), (u'engineers', 5), (u'early', 5), (u'devops', 4)]"
An acquisition is always a failure,172,http://pandodaily.com/2013/04/02/an-acquisition-is-always-a-failure/,04 04 02:00,"[(u'source', 32), (u'company', 24), (u'cgwapril', 21), (u'app', 17), (u'today', 9), (u'mobile', 9), (u'companies', 8)]"
Identity Crisis,1,https://gist.github.com/nathan/5297713,04 04 02:00,[]
Ask HN: My Hosting Went Down Right When I Sent A Link To A Promising Investor,1,http://news.ycombinator.com/item?id=5483537,04 04 02:00,"[(u'time', 49), (u'hosting', 27), (u'should', 16), (u'day', 13), (u'ago', 13), (u'investor', 10), (u'email', 10)]"
Typecast Reviewed: A Designer's thoughts after using Typecast,1,http://www.webinsation.com/typecast-reviewed-a-designers-thoughts-after-using-typecast/,04 04 02:00,"[(u'typecast', 28), (u'font', 25), (u'content', 14), (u'typography', 11), (u'web', 11), (u'style', 9), (u'design', 7)]"
Indian Supreme Court calls Novartis's bluff,4,http://news.ycombinator.com/item?id=5483529,04 04 02:00,"[(u'supreme', 2), (u'court', 2), (u""novartis's"", 2), (u'bluff', 2), (u'news', 2), (u'calls', 2), (u'discusshttp', 1)]"
Ask HN: What is the scope of a variable in javascript?,1,http://news.ycombinator.com/item?id=5483518,04 04 02:00,"[(u'scope', 7), (u'variable', 5), (u'javascript', 3), (u'book', 3), (u'var', 3), (u'function', 3), (u'computer', 2)]"
Activision Lays Off Deadpool Team After Game Completion,1,http://kotaku.com/activision-lays-off-high-moon-studios-deadpool-team-466330803,04 04 02:00,"[(u'marvel', 26), (u'deadpool', 10), (u'activision', 8), (u'high', 7), (u'moon', 6), (u'team', 5), (u'studios', 4)]"
The Latest Apple Scuttlebutt,39,http://daringfireball.net/linked/2013/04/02/apple-scuttlebutt,04 04 02:00,"[(u'latest', 14), (u'apparently', 3), (u'daring', 3), (u'ios', 3), (u'overhaul', 2), (u'list', 2), (u'wide', 2)]"
Building the How to Geek Discussions on Discourse,1,http://www.howtogeek.com/142551/building-the-how-to-geek-community-the-discourse-project/,04 04 02:00,"[(u'forum', 33), (u'scroll', 25), (u'discourse', 21), (u'site', 14), (u'discussion', 12), (u'article', 11), (u'geek', 10)]"
Circuit Playground - electronics TV for kids  from Adafruit,1,http://hackaday.com/2013/04/02/adafruit-launches-educational-show-aimed-at-kids/,04 04 02:00,"[(u'hacks', 75), (u'2013', 26), (u'april', 25), (u'comment', 25), (u'commentsquick', 25), (u'replyreport', 22), (u'kids', 10)]"
This is our theme song at SendHub. What's yours?,1,https://www.facebook.com/sendhub/posts/585638321476502,04 04 02:00,"[(u'push', 4), (u'sendhub', 2), (u'code', 2), (u'pepa', 2), (u'salt', 2), (u'www', 1), (u'love', 1)]"
Little Harmonic Labrynth,6,http://amberbaldet.com/uploads/little-harmonic-labrynth.html,04 04 02:00,"[(u'meta', 62), (u'genie', 61), (u'achilles', 44), (u'god', 31), (u'djinn', 22), (u'tortoise', 19), (u'lamp', 15)]"
Google engineers find a way to filter robocalls the way Gmail filters spam,2,http://www.theverge.com/2013/4/2/4174282/google-engineers-filter-robocalls-like-gmail-filters-spam-ftc,04 04 02:00,"[(u'devicesmisc', 41), (u'review', 25), (u'allrecent', 23), (u'posts', 20), (u'ago', 15), (u'reviewsee', 10), (u'touch', 10)]"
How to automatically take webpage screenshots and upload them to your website,2,http://devcomsystems.com.au/2013/04/how-to-take-website-screenshots-and-upload-them-to-another-website/,04 04 02:00,"[(u'0', 24), (u'webkit2png', 19), (u'http', 15), (u'300', 14), (u'f8f8f8', 13), (u'path', 12), (u'amp', 12)]"
Instagram API is down,1,https://groups.google.com/d/topic/instagram-api-developers/Ccqq4ajMxQI/discussion,04 04 02:00,"[(u'browser', 13), (u'google', 2), (u'settings', 1), (u'groupsto', 1), (u'refresh', 1), (u'page', 1), (u'yousearchimagesmapsplayyoutubenewsgmaildrivecalendarmoretranslatemobilebooksofferswalletshoppingbloggerfinancephotosvideoseven', 1)]"
The Facebook Phone or Facebook Home?,3,http://technow.info/2013/04/the-facebook-phone-home-htc-first/,04 04 02:00,"[(u'facebook', 25), (u'resolution', 19), (u'phone', 14), (u'home', 7), (u'amazon', 5), (u'market', 4), (u'android', 4)]"
Cyprus bank deposit confiscation visualized in physical 100 bills,6,http://demonocracy.info/infographics/eu/cyprus_crisis/cyprus_crisis.html,04 04 02:00,"[(u'cyprus', 46), (u'banks', 35), (u'bank', 34), (u'billion', 29), (u'money', 22), (u'000', 17), (u'government', 17)]"
Starting a software business (advice from a small PC game company),1,http://www.gdcvault.com/play/1014394/1-Hour-Video-Game,04 04 02:00,[]
Show HN:Applying Classic Algorithms to Mate Selection,1,http://blog.whitetruffle.com/post/43095217776/applying-classic-algorithms-to-mate-selection,04 04 02:00,"[(u'applied', 25), (u'dating', 5), (u'mate', 4), (u'valentine', 4), (u'jobs', 4), (u'selection', 3), (u'person', 3)]"
PyPy Status Blog: So  you want to try PyPy,2,http://morepypy.blogspot.ca/2013/03/so-you-want-to-try-pypy.html,04 04 02:00,"[(u'pypy', 36), (u'requires', 29), (u'run', 12), (u'march', 11), (u'2013', 9), (u'post', 9), (u'beta', 8)]"
Post-Android  Google's Andy Rubin Has Been Busy On Facebook,2,http://marketingland.com/post-android-google-andy-rubin-facebook-37403,04 04 02:00,"[(u'google', 39), (u'marketing', 23), (u'facebook', 21), (u'rubin', 19), (u'android', 17), (u'twitter', 12), (u'day', 10)]"
Politics and the English Language (1946),1,https://www.mtholyoke.edu/acad/intrel/orwell46.htm,04 04 02:00,"[(u'words', 25), (u'english', 18), (u'meaning', 13), (u'language', 12), (u'phrases', 9), (u'kind', 9), (u'word', 8)]"
Simple.TV Raises $5.7 Million From New World Ventures To Move Beyond Its DVR Box,1,http://techcrunch.com/2013/04/02/simple-tv-5-7m-new-world-ventures/,04 04 02:00,"[(u'dvr', 53), (u'tv', 22), (u'simple', 19), (u'devices', 11), (u'content', 6), (u'company', 6), (u'stream', 5)]"
Difficult languages: Tongue twisters (2009),2,http://www.economist.com/node/15108609,04 04 02:00,"[(u'languages', 26), (u'cookies', 24), (u'english', 22), (u'language', 20), (u'site', 16), (u'east', 11), (u'information', 10)]"
What makes good teams work better: Research-based strategies,1,http://pubpages.unh.edu/~vdruskat/What%20makes%20good%20teams%20work%20better.pdf,04 04 02:00,"[(u'0', 59), (u'00000', 49), (u'obj', 28), (u'qxg', 28), (u'endobj', 27), (u'500', 21), (u'_', 20)]"
Judge: Firm can sue Facebook over 'timeline',2,http://phys.org/news/2013-04-firm-sue-facebook-timeline.html,04 04 02:00,"[(u'hours', 16), (u'ago', 16), (u'facebook', 11), (u'2013', 10), (u'timeline', 9), (u'org', 7), (u'technology', 7)]"
Apple to Begin iPhone Production This Quarter,1,http://branch.com/b/apple-to-begin-iphone-production-this-quarter,04 04 02:00,"[(u'04', 35), (u'link', 32), (u'copy', 31), (u'show', 31), (u'2013', 30), (u'utcpress', 30), (u'ctrl', 30)]"
Al Worden: The loneliest human being,6,http://www.bbc.com/future/story/20130401-the-loneliest-human-being/print/slide/0,04 04 02:00,"[(u'moon', 14), (u'apollo', 10), (u'module', 9), (u'lunar', 9), (u'space', 8), (u'bbc', 8), (u'command', 8)]"
HTML5 Data Visualization,2,http://pcimino.blog.com/2013/04/03/html5-data-visualization/,04 04 02:00,[]
The 3D printed LED speakers you can't have.,1,http://www.wired.com/design/2013/04/lumigeek/,04 04 02:00,"[(u'resolution', 25), (u'wired', 16), (u'speakers', 10), (u'video', 6), (u'printed', 6), (u'printing', 5), (u'light', 5)]"
Ruby timeouts are dangerous,1,https://coderwall.com/p/1novga,04 04 02:00,"[(u'timeout', 16), (u'mysql2', 10), (u'ruby', 10), (u'timeouts', 9), (u'client', 8), (u'results', 7), (u'return', 7)]"
Should Toddlers Own Tablets?,3,http://www.npr.org/2013/04/02/176022907/should-toddlers-own-tablets,04 04 02:00,"[(u'martin', 22), (u'kids', 21), (u""it's"", 18), (u'time', 16), (u""that's"", 15), (u""we're"", 14), (u'things', 12)]"
Australian Institute of Applied Sciences? For Real?,2,http://www.aias.edu.au/courses,04 04 02:00,"[(u'faculties', 22), (u'courses', 1), (u'aias', 1)]"
Pimp My Chrome  Pen Testing Style,1,https://www.novainfosec.com/2013/04/02/pimp-my-chrome-pen-testing-style/?doing_wp_cron=1364947593.8719580173492431640625,04 04 02:00,[]
ShmooCon: Malware Analysis Intro,1,https://www.novainfosec.com/2013/04/01/shmoocon-malware-analysis-intro/,04 04 02:00,[]
Intellectual Ventures sues Symantec over patents,1,http://news.cnet.com/8301-13578_3-57574931-38/intellectual-ventures-sues-symantec-over-patents-again/,04 04 02:00,"[(u'cnet', 22), (u'symantec', 11), (u'intellectual', 10), (u'tech', 9), (u'patents', 8), (u'security', 8), (u'software', 8)]"
On the private enforcement of copyrights [audio],1,http://surprisinglyfree.com/2013/03/26/sean-flaim/,04 04 02:00,"[(u'2009', 25), (u'copyright', 15), (u'2011', 12), (u'2012', 12), (u'2010', 11), (u'flaim', 7), (u'system', 7)]"
Internet Explorer 11 getting SPDY support,6,http://withinwindows.com/within-windows/2013/4/1/blues-clues-internet-explorer-11-getting-spdy-support,04 04 02:00,"[(u'usual', 19), (u'spdy', 8), (u'internet', 7), (u'11', 6), (u'dword', 4), (u'explorer', 4), (u'windows', 3)]"
Microsoft: Build 2013 Didn't Sell Out Today  It Was an Error,1,http://visualstudiomagazine.com/blogs/onward-and-upward/2013/04/build-conference-registration-opens.aspx,04 04 02:00,"[(u'conference', 1), (u'sold', 1), (u'update', 1), (u'visual', 1), (u'studio', 1), (u'build', 1), (u'magazine', 1)]"
What Happened To The Internet Productivity Miracle?,2,http://www.newyorker.com/online/blogs/johncassidy/2013/04/what-happened-to-the-internet-productivity-miracle.html?ftcamp=crm/email/201342/nbe/AlphavilleHongKong/product,04 04 02:00,"[(u'productivity', 35), (u'growth', 26), (u'years', 18), (u'cent', 12), (u'labor', 10), (u'technology', 10), (u'internet', 9)]"
A First Look At The Grand Central Terminal Of San Francisco,1,http://www.fastcodesign.com/1672224/a-first-look-at-the-grand-central-terminal-of-san-francisco#1,04 04 02:00,"[(u'original', 34), (u'design', 13), (u'city', 12), (u'transit', 10), (u'hub', 8), (u'transbay', 7), (u'pelli', 6)]"
Sharing Is Inflating Our Culture,2,http://seersuckermag.com/lifestyle/read/excessive-sharing-is-inflating-our-culture,04 04 02:00,"[(u'culture', 15), (u'share', 11), (u'people', 9), (u'cultural', 8), (u'inflation', 8), (u'sharing', 7), (u'relationship', 7)]"
Video Interview: HN'er DanielBMarkham and Jon Kern (Agile Manifesto),2,http://tiny-giant-books.com/blog/jonathan-kern-interview-agile-manifesto/,04 04 02:00,"[(u'fact', 28), (u'agile', 7), (u'led', 6), (u'manifesto', 5), (u'interview', 5), (u'kern', 4), (u'testing', 4)]"
Never Lock Your Cell Phone,16,http://rocketships.ca/blog/never-lock-your-cell-phone/,04 04 02:00,"[(u'phone', 53), (u'2013', 32), (u'april', 32), (u'reply', 30), (u'lock', 14), (u'iphone', 11), (u'found', 11)]"
Twenty nine years you dont get to decide how you spend,1,http://smarterinfive.com/56/29-years-gone/,04 04 02:00,"[(u'left', 34), (u'years', 9), (u'months', 5), (u'time', 5), (u'29', 4), (u'smarter', 4), (u've', 4)]"
A better search engine for videos,1,http://nima360.com/post/46952254702/a-better-search-engine-for-videos,04 04 02:00,"[(u'video', 12), (u'search', 12), (u'videos', 6), (u'discovery', 5), (u'service', 5), (u'engine', 4), (u'youtube', 4)]"
The Strange Maths of Teslas $500/month Model S,5,http://blogs.wsj.com/corporate-intelligence/2013/04/02/the-strange-maths-of-teslas-500month-model-s/,04 04 02:00,"[(u'tesla', 14), (u'month', 10), (u'2013', 8), (u'500', 7), (u'deal', 7), (u'april', 6), (u'corporate', 6)]"
JetBrains is working on a cross-platform C++ IDE,128,http://www.jetbrains.com/objc/features/cpp.html,04 04 02:00,"[(u'interface', 28), (u'code', 12), (u'ide', 11), (u'appcode', 5), (u'features', 4), (u'support', 4), (u'tracking', 4)]"
Fear of a remote worker planet,2,http://jmlite.tumblr.com/post/46973761066/fear-of-a-remote-worker-planet,04 04 02:00,"[(u'model', 11), (u'team', 10), (u'remote', 8), (u'startup', 7), (u'company', 4), (u'control', 4), (u'bay', 4)]"
Gmail Blue Chrome Extension,1,http://techcrunch.com/2013/04/02/chrome-extension-makes-googles-april-fools-joke-real/,04 04 02:00,"[(u'2008', 13), (u'google', 10), (u'blue', 6), (u'techcrunch', 6), (u'extension', 5), (u'greg', 4), (u'gmail', 4)]"
Kinect can now be used to diagnose depression with 90% accuracy?,96,http://thescorpionthefrog.com/2013/04/02/now-my-kinect-can-tell-me-if-im-depressed-with-90-accuracy/,04 04 02:00,"[(u'kinect', 9), (u'90', 8), (u'depression', 6), (u'depressed', 6), (u'comments', 5), (u'art', 5), (u'street', 4)]"
Ask HN: Looking for a room in Palo Alto or nearby,7,http://news.ycombinator.com/item?id=5482858,04 04 02:00,"[(u'nearby', 35), (u'palo', 3), (u'smit', 3), (u'alto', 3), (u'room', 3), (u'hn', 2), (u'news', 2)]"
Canada's Startup Visa program could cost US in war for talent,2,http://venturebeat.com/2013/04/02/silicon-valley-north-canada-startup-visa-program-could-cost-u-s-in-war-for-talent/,04 04 02:00,"[(u'visa', 22), (u'money', 15), (u'startup', 14), (u'entrepreneurs', 13), (u'canada', 12), (u'program', 11), (u'mobile', 10)]"
I'm tired,133,http://www.andymoore.ca/2013/04/im-tired/,04 04 02:00,"[(u'2013', 20), (u'april', 20), (u'pm', 18), (u'people', 18), (u'friends', 17), (u'reply', 16), (u'don', 16)]"
Reloadlive - Markdown editing made easy,1,https://github.com/amiorin/reloadlive,04 04 02:00,"[(u'amiorin', 14), (u'gem', 12), (u'2013initial', 10), (u'02', 10), (u'import', 10), (u'install', 9), (u'reloadlive', 6)]"
Tweaky.com announces profitability  breaks vow of sobriety,55,http://www.tweaky.com/blog/tweaky-breaks-its-vow-of-sobriety-from-zero-to-profitable-in-9-months/,04 04 02:00,"[(u'sounded', 25), (u'april', 17), (u'tweaky', 16), (u'reply', 15), (u'months', 10), (u've', 10), (u'ned', 9)]"
100 Titles Available For Open Access via Unglue.it Crowdfunding Platform,1,http://www.infodocket.com/2013/04/02/de-grutyer-offers-100-titles-for-open-access-via-unglue-it-crowdfunding-platform/,04 04 02:00,"[(u'2009', 34), (u'titles', 11), (u'unglue', 11), (u'open', 11), (u'gruyter', 10), (u'access', 10), (u'de', 9)]"
How HD Voice Works to Make Your Calls Sound Drastically Better,1,http://www.wired.com/gadgetlab/2013/04/how-hd-voice-works-to-make-your-calls-clearer/,04 04 02:00,"[(u'voice', 31), (u'hd', 28), (u'wired', 12), (u'call', 9), (u'audio', 8), (u'calls', 8), (u'support', 7)]"
30 Minutes | massive greatness by MG Siegler,1,http://massivegreatness.com/30-minutes,04 04 02:00,"[(u'meeting', 11), (u'time', 11), (u'hour', 8), (u'meetings', 7), (u'day', 7), (u'minute', 5), (u'full', 5)]"
The Double Standard in the Room: ReDigi and the (Now Illegal) Resale of MP3s,1,http://techland.time.com/2013/04/02/the-double-standard-in-the-room-redigi-and-the-now-illegal-resale-of-mp3s/,04 04 02:00,"[(u'redigi', 32), (u'music', 21), (u'digital', 21), (u'court', 16), (u'resell', 14), (u'copyright', 13), (u'0', 10)]"
F1 meets Farmville ,1,http://www.wired.com/gamelife/2013/04/ea-mobile-real-racing-3,04 04 02:00,"[(u'racing', 27), (u'game', 23), (u'real', 22), (u'free', 12), (u'games', 12), (u'wired', 11), (u'play', 11)]"
Fire Your PR Company (2008),3,http://www.businessinsider.com/2008/8/jason-calacanis-on-how-to-get-pr-for-your-startup-fire-your-pr-company,04 04 02:00,"[(u'folks', 19), (u'pr', 17), (u'people', 17), (u'stacks', 17), (u""don't"", 14), (u""you're"", 12), (u""it's"", 11)]"
Ambassador Helps Companies Manage Referrals,8,http://www.forbes.com/sites/amitchowdhry/2013/04/02/ambassador-is-a-michigan-based-startup-that-helps-companies-manage-referrals/,04 04 02:00,"[(u'ambassador', 15), (u'epstein', 11), (u'michigan', 9), (u'company', 7), (u'companies', 7), (u'forbes', 7), (u'chowdhry', 7)]"
5 Questions To Get Your Product Really Minimal,1,http://getfraser.com/blog/2013/2/13/5-questions-to-make-your-product-really-minimal,04 04 02:00,"[(u'time', 28), (u'product', 17), (u'minimal', 14), (u'viable', 8), (u'building', 7), (u'question', 6), (u'feature', 5)]"
Is Living in Your Car a Viable Way to Save Money?,2,http://www.shareable.net/blog/Is-Living-in-Your-Car-A-Viable-Way-to-Save-Money%3F,04 04 02:00,"[(u'van', 23), (u'living', 19), (u'odom', 18), (u'life', 15), (u'years', 13), (u'king', 11), (u'money', 11)]"
Link Quality: Not All Links Are Created Equal [Infogrpahic],2,http://www.contentstrategyhub.com/link-quality-infographic,04 04 02:00,"[(u'minded', 28), (u'content', 16), (u'links', 14), (u'quality', 13), (u'link', 10), (u'search', 8), (u'rankings', 6)]"
The Scale of the Universe 2,7,http://htwins.net/scale2/,04 04 02:00,"[(u'scale', 1), (u'adobe', 1), (u'player', 1), (u'universe', 1), (u'back', 1), (u'languages', 1), (u'flash', 1)]"
Are startups and enterprises really that far apart in how they operate?,2,https://www.facebook.com/bizspark/posts/10151382592307817,04 04 02:00,"[(u'thisyesterday', 37), (u'startups', 2), (u'30pm', 1), (u'256', 1), (u'40', 1), (u'uplikemicrosoft', 1), (u'facebookfacebook', 1)]"
Open Source: Exploitation at its finest (c. 2010),2,http://www.webnova.ca/Home/ViewPost/3670213015670203889,04 04 02:00,"[(u'software', 49), (u'source', 43), (u'open', 42), (u'original', 25), (u'business', 16), (u'free', 14), (u'code', 12)]"
The Underhanded C Contest Is Back,1,http://bingweb.binghamton.edu/~scraver/underhanded/,04 04 02:00,"[(u'code', 34), (u'record', 27), (u'comment', 26), (u'bug', 20), (u'derpcon', 18), (u'points', 16), (u'string', 15)]"
Caterina Fake's Findery Aims to Be an 'Adventure Machine' | Entrepreneur.com,1,http://www.entrepreneur.com/article/226268,04 04 02:00,"[(u'augmented', 34), (u'findery', 14), (u'entrepreneur', 12), (u'app', 11), (u'fake', 11), (u'world', 10), (u'business', 7)]"
Ideas to Make your Website Look Nicer,4,http://www.hongkiat.com/blog/ideas-to-nicer-websites/,04 04 02:00,"[(u'website', 29), (u'authorsubmit', 22), (u'web', 16), (u'developers', 16), (u'page', 14), (u'layout', 12), (u'links', 11)]"
An Engineer's take on Chrome OS,54,http://synack.me/blog/an-engineers-take-on-chrome-os,04 04 02:00,"[(u'chrome', 34), (u'os', 29), (u'google', 18), (u'pixel', 16), (u'precise', 15), (u'mnt', 13), (u'stateful_partition', 13)]"
Hacking HackerRank,1,https://www.hackerrank.com/rest/contests/master/challenges?_=1364940402332,04 04 02:00,[]
Ask HN: Minimally-intrusive ways to verify real name?,2,http://news.ycombinator.com/item?id=5482562,04 04 02:00,"[(u'0', 194), (u'000000', 58), (u'n5', 29), (u'parent', 27), (u'commit', 27), (u'answer', 24), (u'false', 17)]"
"What makes a TV show ""good"" versus ""great""?",2,http://tvgeekarmy.com/post/viewpost/what-makes-a-tv-show-good-versus-great,04 04 02:00,"[(u'good', 45), (u'shows', 29), (u'tv', 27), (u'dvr', 25), (u'great', 22), (u'show', 17), (u'men', 14)]"
Mark Zuckerberg The Real Face Behind Facebook,5,http://www.youtube.com/watch?v=U6akOK7Bupg,04 04 02:00,"[(u'sign', 46), (u'youtube', 41), (u'479', 22), (u'views', 20), (u'mark', 16), (u'picasa', 13), (u'account', 13)]"
A unicode table in ,1,https://gist.github.com/jaseg/5296519,04 04 02:00,"[(u'zsh', 14), (u'unicode', 4), (u'table', 3), (u'gist', 3), (u'github', 3), (u'print', 2), (u'zsnexpn', 2)]"
New web framework: SQL on Rails,1,http://sqlonrails.org,04 04 02:00,"[(u""that's"", 19), (u'rails', 14), (u'sql', 12), (u'model', 6), (u'web', 4), (u'operating', 3), (u'system', 3)]"
SEC backs use of social media for corporate announcements,1,http://online.wsj.com/article/SB10001424127887323611604578398862292997352.html/,04 04 02:00,"[(u'social', 25), (u'media', 23), (u'class', 23), (u'div', 22), (u'facebook', 19), (u'companies', 19), (u'read', 17)]"
A rare glimpse of North Korea via Instagram,8,http://www.theglobeandmail.com/news/world/whats-kindergarten-like-in-north-korea-photographers-instagram-feed-provides-a-look/article10666139/?from=10661006,04 04 02:00,"[(u'overseas', 26), (u'korea', 14), (u'north', 11), (u'globe', 8), (u'south', 6), (u'brown', 5), (u'quick', 5)]"
Libgit2: checkout,1,http://ben.straub.cc/2013/04/02/libgit2-checkout,04 04 02:00,"[(u'checkout', 39), (u'opts', 19), (u'path', 16), (u'working', 14), (u'files', 13), (u'directory', 13), (u'index', 12)]"
The Nation's First State-Level Equity Crowdfunding Bill [pdf],3,http://apps.leg.wa.gov/documents/billdocs/2013-14/Pdf/Bills/House%20Bills/2023.pdf,04 04 02:00,"[(u'0', 100), (u'00000', 28), (u'6u', 28), (u'obj', 24), (u'endobj', 24), (u""'"", 17), (u'_', 15)]"
Backbone.js - Nested Collections and Models,1,http://www.innocodive.com/blog/backbonejs-structuring-nested-models.html,04 04 02:00,"[(u'collection', 21), (u'nesting', 19), (u'subalbum', 18), (u'title', 16), (u'image', 16), (u'pid', 16), (u'jpg', 16)]"
Backbone.js - Nested Views  Collections and Models,1,http://news.ycombinator.com/item?id=5482469,04 04 02:00,"[(u'bookmarklet', 22), (u'nested', 2), (u'collections', 2), (u'views', 2), (u'js', 2), (u'news', 2), (u'point', 1)]"
How the Data Sausage Gets Made,1,http://source.mozillaopennews.org/en-US/learning/how-sausage-gets-made/,04 04 02:00,"[(u'recalls', 45), (u'data', 35), (u'food', 34), (u'recall', 27), (u'gt', 26), (u'lt', 25), (u'usda', 22)]"
Is Email Inefficient for Powerful People? - 99U,1,http://99u.com/workbook/14646/is-email-inefficient-for-powerful-people?utm_source=feedburner&utm_medium=feed&utm_campaign=Feed%3A+The99Percent+%2899U%29&utm_content=Google+Reader,04 04 02:00,"[(u'terms', 22), (u'email', 8), (u'ago', 7), (u'napolitano', 6), (u'people', 4), (u'powerful', 4), (u'inefficient', 4)]"
"Why ""innovation experts"" are selling snake oil",3,http://www.articulateventures.com/thoughts-on-being-an-employer/why-innovation-experts-are-selling-snake-oil/,04 04 02:00,"[(u'innovation', 25), (u'profits', 22), (u'people', 14), (u'employees', 13), (u'ideas', 12), (u'snake', 11), (u'creative', 9)]"
5 reasons why hackers are crushing small business.,5,http://www.doctrackr.com/blog/bid/248496/Secure-Data-Hackers-and-Enterprises-5-Myths-About-Who-Gets-Hacked,04 04 02:00,"[(u'secure', 1), (u'hackers', 1), (u'enterprises', 1), (u'myths', 1), (u'serviceprivacy', 1), (u'2013', 1), (u'doctrackr', 1)]"
Hardware is Real: Living it at Grand St. and Growing Up,2,http://amandapeyton.com/blog/2013/04/grand-st-funding/,04 04 02:00,"[(u'time', 35), (u'st', 10), (u'grand', 10), (u'hardware', 8), (u'living', 5), (u'technology', 5), (u'growing', 4)]"
"No  OkCupid  we don't want to ""talk""",32,http://jmtame.posthaven.com/no-okcupid-we-dont-want-to-talk,04 04 02:00,"[(u'dating', 13), (u""i'm"", 9), (u'work', 8), (u'okcupid', 8), (u'online', 7), (u'point', 7), (u""it's"", 7)]"
The Bloodthirsty Battle For Tech Talent,72,http://www.fastcompany.com/3007649/how-win-bloodthirsty-battle-tech-talent,04 04 02:00,"[(u""editors'"", 10), (u'picks', 10), (u'engineer', 8), (u'talent', 6), (u'read', 6), (u'company', 5), (u'business', 5)]"
Heroku Database Upgrades Delayed,2,http://lists.heroku.com/t/ViewEmail/r/316D252BB7E15E2D2540EF23F30FEDED/BB47D1056805E11EF990754F028F0E8F,04 04 02:00,"[(u'process', 2), (u'maintenance', 2), (u'gregview', 1), (u'questions', 1), (u'testing', 1), (u'planning', 1), (u'performed', 1)]"
Ask HN: Where to apply as a creative junior web developer?,4,http://news.ycombinator.com/item?id=5482300,04 04 02:00,"[(u'minded', 34), (u""don't"", 4), (u'day', 4), (u'job', 4), (u'ago', 4), (u'developer', 3), (u'web', 3)]"
Tesla announces a hybrid between leasing and owning,2,http://www.treehugger.com/cars/tesla-announces-new-way-finance-its-electric-cars-hybrid-between-leasing-and-owning.html,04 04 02:00,"[(u'adult', 25), (u'tesla', 14), (u'financing', 9), (u'electric', 8), (u'model', 8), (u'musk', 7), (u'car', 7)]"
Can You Really Get A Tesla Model S For Under 500 Dollars Per Month?,51,http://www.businessinsider.com/can-you-really-get-a-tesla-model-s-for-under-500-dollars-per-month-2013-4,04 04 02:00,"[(u'requires', 43), (u'tesla', 15), (u'people', 9), (u'month', 7), (u'business', 7), (u'0', 6), (u'430', 6)]"
Show HN: The LiveNinja Widget - Embed Video Chat Right On Your Site/Blog ,2,http://www.liveninja.com/widget/,04 04 02:00,"[(u'liveninja', 5), (u'widget', 3), (u'code', 2), (u'video', 2), (u'site', 2), (u'chat', 2), (u'follow', 1)]"
Move Over Instapaper And Pocket: DotDotDot Adds Notes  Tags And Comments,9,http://www.cultofmac.com/221894/move-over-instapaper-and-pocket-dotdotdot-adds-notes-tags-and-comments-opinion/,04 04 02:00,"[(u'instapaper', 28), (u'pocket', 24), (u'app', 16), (u'dotdotdot', 16), (u'notes', 13), (u'text', 12), (u'read', 12)]"
Draw 8 bit arcade art online or from your phone with Bropixel,6,http://bropixel.com/,04 04 02:00,"[(u'delete', 37), (u'press', 3), (u'ctrl', 2), (u'bropixel', 2), (u'click', 2), (u'pixel', 2), (u'app', 1)]"
Comcast injecting JS,443,https://gist.github.com/ryankearney/4146814,04 04 02:00,"[(u""'"", 114), (u'document', 63), (u'04', 51), (u'write', 40), (u'xmlhttp', 35), (u'dragobj', 28), (u'comcast', 24)]"
Ask HN: When do you call it a startup?,2,http://news.ycombinator.com/item?id=5482170,04 04 02:00,"[(u'basically', 28), (u'startup', 8), (u'day', 5), (u'money', 4), (u'ago', 4), (u'legal', 3), (u'work', 3)]"
Judge smash: Prendas porn-trolling days are over,2,http://arstechnica.com/tech-policy/2013/04/prenda-porn-trolls-clam-up-as-their-plans-crumble-in-an-la-courtroom/,04 04 02:00,"[(u'prenda', 23), (u'wright', 20), (u'hansmeier', 13), (u'law', 13), (u'steele', 13), (u'ars', 12), (u'court', 9)]"
Spammers exploit open redirects on US government websites,3,http://nakedsecurity.sophos.com/2012/10/23/spammers-exploit-open-redirects-government/,04 04 02:00,"[(u'2008', 25), (u'security', 21), (u'2012', 16), (u'gov', 16), (u'exploit', 11), (u""don't"", 10), (u'spammers', 10)]"
A massive 6.3-inch smartphone from Samsung may be in the works,2,http://arstechnica.com/gadgets/2013/04/a-massive-6-3-inch-smartphone-from-samsung-may-be-in-the-works/,04 04 02:00,"[(u'understand', 40), (u'ars', 12), (u'galaxy', 8), (u'smartphone', 6), (u'phone', 5), (u'note', 5), (u'mega', 5)]"
Andreessen Horowitz and Collab Fund Add to Balanced's $3.4M Seed Round,38,http://blog.balancedpayments.com/balanced-fundraising-raises-investment-andreessen-horowitz-collaborative-fund/,04 04 02:00,"[(u'fact', 37), (u'balanced', 12), (u'fund', 7), (u'horowitz', 7), (u'collaborative', 7), (u'andreessen', 6), (u'networks', 5)]"
Show HN: Cap'n Proto  by the ex-maintainer of Protocol Buffers,270,http://kentonv.github.com/capnproto/,04 04 02:00,"[(u'proto', 18), (u'cap', 16), (u'message', 7), (u'code', 6), (u'objects', 6), (u'memory', 6), (u'data', 6)]"
Oceans continue to warm  especially the deeps,2,http://arstechnica.com/science/2013/04/oceans-continue-to-warm-especially-the-deeps/,04 04 02:00,"[(u'2009', 22), (u'ocean', 18), (u'ars', 12), (u'energy', 9), (u'heat', 8), (u'warming', 7), (u'global', 6)]"
SEC Says Companies Can Use Social Media to Alert Investors,2,http://online.wsj.com/article/SB10001424127887323611604578398862292997352.html?mod=djemalertTECH,04 04 02:00,"[(u'social', 25), (u'media', 23), (u'class', 23), (u'div', 22), (u'facebook', 19), (u'companies', 19), (u'read', 17)]"
Getting Some Clojure: nREPL in a Spring App,1,http://dev.theladders.com/2013/04/getting-some-clojure-nrepl-in-a-spring-app/,04 04 02:00,"[(u'span', 132), (u'class', 84), (u'gt', 35), (u'lt', 33), (u'nt', 33), (u'line', 26), (u'clojure', 24)]"
Oracle announces Ksplice Inspector for Linux kernel updates,1,https://blogs.oracle.com/linux/entry/announcing_ksplice_inspector,04 04 02:00,"[(u'latest', 26), (u'linux', 20), (u'oracle', 18), (u'ksplice', 8), (u'inspector', 7), (u'kernel', 6), (u'updates', 5)]"
"How Washington State handled a flood of applications to be its ""pot czar""",1,http://www.citeworld.com/cloud/21661/washington-marijuana-legalization-rfp-process?page=0,04 04 02:00,"[(u'docusign', 40), (u'byod', 14), (u'paper', 10), (u'2013', 10), (u'white', 10), (u'wireless', 10), (u'state', 9)]"
Balanced: A Third-Generation Payments Provider,13,http://whit537.org/2013/04/balanced-third-generation-payments.html,04 04 02:00,"[(u'starting', 19), (u'balanced', 16), (u'stripe', 12), (u'payments', 10), (u'processing', 10), (u'phase', 9), (u'credit', 7)]"
Startup MusicMind Disrupts the Music Industry,2,http://musicmind-blog.herokuapp.com/?p=24,04 04 02:00,"[(u'songs', 21), (u'musicmind', 14), (u'feedback', 7), (u'artists', 6), (u'work', 5), (u'song', 4), (u'email', 3)]"
This Company Is Kickstarter for Solar Power,1,http://www.motherjones.com/environment/2013/03/solar-power-mosaic-oakland-crowdsourcing?utm_source=twitterfeed&utm_medium=twitter&utm_campaign=Feed%3A+motherjones%2Fmain+%28MotherJones.com+Main+Article+Feed%29,04 04 02:00,"[(u'solar', 23), (u'mother', 12), (u'power', 10), (u'panels', 10), (u'projects', 9), (u'energy', 8), (u'mosaic', 8)]"
Girls Who Code Aims to Bridge Tech-Sector Gender Gap,2,http://techonomy.com/2013/04/girls-who-code-aims-to-bridge-tech-sector-gender-gap/,04 04 02:00,"[(u'fact', 31), (u'girls', 12), (u'david', 10), (u'code', 9), (u'tech', 8), (u'tucson', 6), (u'computer', 6)]"
Stop using SSL as a feature,2,http://benblodgett.com/stop-using-ssl-as-a-feature,04 04 02:00,"[(u'talk', 19), (u'feature', 7), (u'ssl', 5), (u""it's"", 4), (u'stop', 3), (u'product', 3), (u""don't"", 2)]"
Tesla Unveils New Finance Product,414,http://www.teslamotors.com/about/press/releases/tesla-unveils-revolutionary-new-finance-product,04 04 02:00,"[(u'order', 16), (u'tesla', 13), (u'product', 5), (u'model', 5), (u'press', 4), (u'electric', 4), (u'financing', 4)]"
DevOps On Demand,1,http://www.newvem.com/newvem-launches-devops-on-demand/,04 04 02:00,"[(u'cloud', 38), (u'aws', 27), (u'newvem', 15), (u'devops', 10), (u'resolution', 10), (u'insight', 9), (u'care', 9)]"
A Short History of the O'Reilly Animals,4,http://animals.oreilly.com/origin-of-species/,04 04 02:00,"[(u'animals', 22), (u'reilly', 18), (u'books', 10), (u'covers', 10), (u'animal', 8), (u'panda', 6), (u'oreilly', 6)]"
The psychology of language,2,http://blog.bufferapp.com/which-words-matter-the-most-when-we-talk-the-psychology-of-language,04 04 02:00,"[(u'words', 27), (u'brain', 16), (u'http', 14), (u'language', 13), (u'sounded', 13), (u'article', 11), (u'writing', 10)]"
How safe is your API from its users?,1,http://apiux.com/2013/04/02/how-safe-is-your-api-from-user/,04 04 02:00,"[(u'external', 25), (u'api', 20), (u'users', 13), (u'security', 7), (u'application', 6), (u'tokens', 5), (u'user', 5)]"
ICANN Seeking Comment On DNSSEC Root Key Rollover,1,http://www.internetsociety.org/deploy360/blog/2013/04/icann-seeking-comment-on-dnssec-root-key-rollover-process/,04 04 02:00,"[(u'ksk', 24), (u'root', 20), (u'rollover', 17), (u'dnssec', 15), (u'icann', 13), (u'should', 13), (u'zone', 12)]"
IoT: Arduino + Raspberry Pi = great alternative to Ethernet/WiFi shield,1,http://www.devicehive.com/blog/raspberry-pi-vs-ethernet-shield,04 04 02:00,"[(u'cpu', 31), (u'pi', 16), (u'arduino', 15), (u'raspberry', 15), (u'shield', 11), (u'ethernet', 9), (u'internet', 6)]"
The Patent Protection Racket,180,http://www.joelonsoftware.com/items/2013/04/02.html,04 04 02:00,"[(u'software', 11), (u'patent', 8), (u'pay', 7), (u'joel', 5), (u'step', 5), (u'fight', 5), (u'system', 4)]"
Late Bloomers: Why Age Does Not Matter When It Comes to Success,7,http://www.arinanikitina.com/top-10-late-bloomers-why-age-does-not-matter-when-it-comes-to-success.html,04 04 02:00,"[(u'hope', 37), (u'age', 22), (u'late', 15), (u'people', 12), (u'years', 10), (u'start', 10), (u'40', 9)]"
OpenStack vs CloudStack vs OpenNebula vs Eucalyptus (2013 Q1),1,http://www.qyjohn.net/?p=3120,04 04 02:00,"[(u'openstack', 52), (u'number', 32), (u'cloudstack', 31), (u'eucalyptus', 29), (u'original', 29), (u'projects', 28), (u'opennebula', 22)]"
Facebooks Sandberg May Be Deposed in Antitrust Case,1,http://www.bloomberg.com/news/2013-04-02/facebook-s-sandberg-may-be-deposed-in-antitrust-case.html,04 04 02:00,"[(u'joining', 25), (u'sandberg', 15), (u'bloomberg', 15), (u'case', 11), (u'facebook', 10), (u'google', 9), (u'lawyers', 7)]"
We're a small media appliance start-up  we'd love some advice on new features,1,https://nuplay.co/,04 04 02:00,"[(u'latest', 43), (u'nuplay', 6), (u'media', 6), (u'hardware', 6), (u'device', 5), (u'people', 4), (u'content', 4)]"
The OAuth Bible,120,https://github.com/Mashape/mashape-oauth/blob/master/FLOWS.md,04 04 02:00,"[(u'oauth', 54), (u'token', 37), (u'request', 30), (u'access', 24), (u'service', 23), (u'application', 20), (u'legged', 17)]"
A cautionary tale of squandered talent,3,http://pandodaily.com/2013/04/02/a-cautionary-tale-of-squandered-talent/,04 04 02:00,"[(u'source', 37), (u'cgwapril', 21), (u'disruptive', 19), (u'app', 18), (u'company', 16), (u'today', 10), (u'million', 10)]"
Creating Simple Site with Nanoc,1,http://chodounsky.net/2013/04/03/creating-simple-site-with-nanoc/,04 04 02:00,"[(u'nanoc', 29), (u'site', 21), (u'web', 10), (u'static', 10), (u'ruby', 9), (u'generator', 6), (u'll', 6)]"
The Progressive (Profitable) Web,5,http://benwerd.com/2013/04/02/the-progressive-profitable-web/,04 04 02:00,"[(u'content', 15), (u'web', 11), (u'social', 8), (u'feed', 7), (u'http', 6), (u'access', 5), (u'group', 5)]"
Instacart: We're Sorry,150,https://www.instacart.com/blog/2013/04/02/we-are-sorry,04 04 02:00,"[(u'charged', 11), (u'instacart', 9), (u'express', 6), (u'customers', 5), (u'terms', 5), (u'free', 3), (u'subscription', 3)]"
The new Gmail compose,1,http://dangoldin.com/2013/04/02/the-new-gmail-compose/,04 04 02:00,"[(u'gmail', 4), (u'compose', 3), (u'app', 3), (u'data', 3), (u'comments', 2), (u'approach', 2), (u'powered', 2)]"
Introducing Picturelife,1,http://launch.it/launch/introducing-picturelife,04 04 02:00,"[(u'picturelife', 8), (u'dream', 7), (u'product', 6), (u'launch', 5), (u'awesome', 5), (u""we've"", 3), (u'love', 3)]"
Germany Doesn't Get Much Sun. How Did It Become a Leader in Solar Energy?,1,http://www.motherjones.com/environment/2013/04/germany-solar-power-energy,04 04 02:00,"[(u'solar', 44), (u'power', 34), (u'energy', 16), (u'germany', 15), (u'panels', 13), (u'mother', 11), (u'companies', 10)]"
Does antidepressant dose matter?,1,http://asserttrue.blogspot.com/2013/04/dose-antidepressant-dose-matter.html,04 04 02:00,"[(u'dose', 51), (u'mg', 29), (u'day', 29), (u'placebo', 15), (u'analysis', 15), (u'response', 14), (u'patients', 12)]"
Sonar: Automatically track when app stores change their algorithm,2,http://www.geekwire.com/2013/sonar-service-automatically-tracks-app-stores-change-algorithms/,04 04 02:00,"[(u'commercekindleamazon', 28), (u'geekwire', 24), (u'seattle', 20), (u'app', 17), (u'2013', 16), (u'tech', 11), (u'00', 11)]"
Io.smashthestack.org,1,http://io.smashthestack.org:84/,04 04 02:00,"[(u'frontpage', 10), (u'__', 8), (u'smashthestack', 4), (u'io', 4), (u'ssh', 3), (u'irc', 3), (u'org', 3)]"
Markdown to Deck.js converter for meetups and brownbags,1,http://deckmd.willrobotsdream.com/,04 04 02:00,"[(u'dream', 28), (u'deck', 4), (u'markdown', 2), (u'mddeck', 1), (u'single', 1), (u'mdturn', 1), (u'file', 1)]"
An Unwavering Commitment to Success,1,http://alumni.stanford.edu/get/page/magazine/article/?article_id=58612,04 04 02:00,"[(u'menace', 17), (u'stanford', 15), (u'debt', 12), (u'percent', 11), (u'aid', 10), (u'students', 10), (u'tuition', 6)]"
Compassion and Business,1,http://softwarerealities.com/2013/04/02/compassion-and-business/,04 04 02:00,"[(u'2013', 38), (u'words', 37), (u'stever', 8), (u'money', 5), (u'oss', 4), (u'thing', 4), (u'kind', 4)]"
RVM Autolibs: Automatic Dependency Handling and Ruby 2.0,1,https://blog.engineyard.com/2013/rvm-ruby-2-0,04 04 02:00,"[(u'rvm', 34), (u'requires', 28), (u'yard', 17), (u'ruby', 16), (u'autolibs', 13), (u'0', 11), (u'package', 11)]"
The Cost of Running a Startup can get out of control,2,http://www.x-pose.org/2013/04/the-cost-of-running-a-startup-can-get-out-of-control/,04 04 02:00,"[(u'startup', 7), (u'additional', 6), (u'don', 6), (u'bill', 6), (u'price', 6), (u'month', 5), (u'mailjet', 5)]"
"Baidu Reportedly Working on Google Glass-Like ""Baidu Eye"".",4,http://www.techinasia.com/baidu-reportedly-working-google-glasslike-baidu-eye/,04 04 02:00,"[(u'custerbetter', 28), (u'baidu', 17), (u'tech', 10), (u'eye', 8), (u'google', 7), (u'asia', 6), (u'glass', 6)]"
High Standards,1,http://www.rdegges.com/high-standards/,04 04 02:00,"[(u'ratcqz', 7), (u'0', 4), (u'mg', 2), (u""'"", 2), (u'7x', 2), (u'kr_oupd', 1), (u'4fn', 1)]"
Risk in IT Systems,1,http://www.somic.org/2013/04/02/risk-in-it-systems/,04 04 02:00,"[(u'risk', 19), (u'failure', 18), (u'time', 15), (u'system', 13), (u'amount', 10), (u'tr', 9), (u'systems', 9)]"
Phonorecords: A Matter Where Matter Still Matters | Murfie Blog,1,http://blog.murfie.com/2013/04/02/phonorecords-a-matter-where-matter-still-matters/,04 04 02:00,"[(u'blogmurfie', 28), (u'2011', 12), (u'2012', 12), (u'murfie', 12), (u'music', 10), (u'matter', 9), (u'digital', 9)]"
Updates on the need to use error-correcting memory,3,http://lambda-diode.com/opinion/ecc-memory-2,04 04 02:00,"[(u'bit', 20), (u'memory', 18), (u'errors', 13), (u'error', 12), (u'paper', 10), (u'ecc', 9), (u'ram', 9)]"
Why MySQL Performance at Low Concurrency is Important,1,http://www.mysqlperformanceblog.com/2013/03/27/why-mysql-performance-at-low-concurrency-is-important/,04 04 02:00,"[(u'mysql', 42), (u'performance', 36), (u'concurrency', 33), (u'cpu', 25), (u'percona', 16), (u'2013', 14), (u'low', 14)]"
Strategy Pattern (using Interfaces and Delegates in C#) - Tech.Pro,1,http://tech.pro/tutorial/1182/strategy-pattern-using-interfaces-and-delegates-in-c,04 04 02:00,"[(u'int', 36), (u""that's"", 31), (u'calculate', 15), (u'code', 14), (u'public', 14), (u'strategy', 13), (u'class', 10)]"
Creatorverse: iOS app by Linden Research  Inc.,1,http://www.creatorverse.com/,04 04 02:00,"[(u'physics', 23), (u'creatorverse', 8), (u'creations', 7), (u'designs', 4), (u'add', 3), (u'app', 3), (u'thousands', 2)]"
Query^n for MongoDB,1,http://www.28.io,04 04 02:00,"[(u'software', 13), (u'query', 12), (u'mongodb', 8), (u'servers', 4), (u'28', 3), (u'license', 3), (u'jsoniq', 3)]"
The Talent Shortage Myth and Why HR Should Get Out of the Hiring Business,63,http://www.pbs.org/newshour/businessdesk/2013/04/ask-the-headhunter-the-talent.html,04 04 02:00,"[(u'hr', 80), (u'printregion', 43), (u'hiring', 38), (u'recruiting', 32), (u'job', 26), (u'business', 18), (u'talent', 16)]"
Nissan Leaf car sales soar in record month for plug-ins,6,http://www.csmonitor.com/Environment/Energy-Voices/2013/0402/Nissan-Leaf-car-sales-soar-in-record-month-for-plug-ins?nav=92-csm_category-leadStory,04 04 02:00,"[(u'478', 34), (u'sales', 14), (u'2013', 11), (u'electric', 10), (u'nissan', 9), (u'month', 8), (u'car', 8)]"
Introducing the Mashape Ping Drilldown Report ,1,http://blog.mashape.com/post/46956341413/introducing-the-mashape-ping-drilldown-report#_=_,04 04 02:00,"[(u'api', 9), (u'report', 7), (u'mashape', 6), (u'status', 5), (u""mashape's"", 3), (u'world', 2), (u'cloud', 2)]"
Prenda Law's Attorneys Take The Fifth,100,http://www.popehat.com/2013/04/02/prenda-laws-attorneys-take-the-fifth-rather-than-answer-judge-wrights-questions/,04 04 02:00,"[(u'judge', 38), (u'law', 34), (u'prenda', 33), (u'wright', 28), (u'2013', 22), (u'apr', 21), (u'paul', 19)]"
Atari founder  Nolan Bushnell  to keynote Distill,9,https://blog.engineyard.com/2013/what-happens-when-you-bring-atari-chuck-e-cheese-and-engine-yard-together,04 04 02:00,"[(u'yard', 26), (u'buffalo', 22), (u'engine', 18), (u'nolan', 9), (u'atari', 8), (u'rails', 8), (u'video', 6)]"
Ask HN: How can I meet iOS developers while visiting the Bay Area this week?,1,http://news.ycombinator.com/item?id=5481722,04 04 02:00,"[(u'starting', 46), (u'bay', 4), (u'area', 4), (u'meet', 4), (u'visiting', 3), (u'developers', 3), (u'week', 3)]"
Apple to Begin iPhone Production This Quarter,2,http://online.wsj.com/article/SB10001424127887323611604578398663619783622.html,04 04 02:00,"[(u'class', 23), (u'div', 22), (u'videoprevious', 22), (u'apple', 21), (u'read', 18), (u'iphone', 17), (u'content', 17)]"
Junkyard Jumbotron,1,http://jumbotron.media.mit.edu/,04 04 02:00,"[(u'displays', 10), (u'jumbotron', 10), (u""you've"", 7), (u'picture', 6), (u'homejunkyard', 4), (u'display', 4), (u'browser', 4)]"
"Your SaaS startup has ""Tubers""",2,http://loganvolkers.com/blog/2013/3/28/you-might-have-a-case-of-tubers,04 04 02:00,"[(u'tubers', 18), (u'startup', 7), (u'numbers', 5), (u'tuber', 5), (u'pay', 5), (u'marketing', 5), (u'users', 5)]"
CLI for the Apple Dev Center,2,https://github.com/mattt/cupertino,04 04 02:00,"[(u'0', 21), (u'pass', 19), (u'nov', 19), (u'ios', 16), (u'list', 10), (u'coupon', 10), (u'certificates', 10)]"
Startup or Not  Marketing is for Growth,1,http://wmougayar.com/blog/2013/4/2/startup-marketing-is-for-growth,04 04 02:00,"[(u'marketing', 80), (u'startup', 19), (u'market', 15), (u'product', 15), (u'growth', 11), (u'time', 11), (u'users', 9)]"
Turn Multiple iPhones into One Giant Screen With a Single Swipe,1,http://bostinno.streetwise.co/all-series/mosaic-launches-in-the-app-store-turn-multiple-iphones-into-one-screen,04 04 02:00,[]
Hackers Think Cookies Are Tasty  Too,8,http://blog.tinfoilsecurity.com/hackers-think-cookies-are-tasty-too,04 04 02:00,"[(u""that's"", 19), (u'security', 7), (u'cookie', 7), (u'cookies', 5), (u'read', 3), (u'xss', 3), (u'space', 3)]"
Avoid being locked in as Microsoft turns off Windows Messenger,2,http://fsfe.org/news/2013/news-20130402-01.sl.html,04 04 02:00,"[(u'xmpp', 13), (u'free', 9), (u'software', 8), (u'users', 8), (u'skype', 7), (u'fsfe', 5), (u'open', 5)]"
Professor tells 1700 students to edit Wikipedia  85% plagiarism rate,62,http://en.wikipedia.org/wiki/Wikipedia:Administrators%27_noticeboard/Incidents#Class_of_1700_  students_fill_Wikipedia_with_plagiarism._Response_from_prof_is_accusation_of_illegal_behaviou  r_by_editors,04 04 02:00,"[(u'talk', 31), (u'initiating', 31), (u'edit', 29), (u'2013', 26), (u'march', 25), (u'utc', 23), (u'29', 21)]"
Device API Ambient Light Demo on Nexus 7,1,http://www.freshtilledsoil.com/device-api-ambient-light-demo-on-nexus-7/,04 04 02:00,"[(u'latest', 25), (u'light', 8), (u'device', 7), (u'api', 5), (u'demo', 5), (u""freshtilledsoil's"", 4), (u'freshtilledsoil', 4)]"
Stream2RSS  Bringing RSS back to Twitter,4,https://develop.valpo.edu/stream2rss/,04 04 02:00,"[(u'twitter', 7), (u'rss', 6), (u'users', 6), (u'reader', 4), (u'app', 3), (u'favorite', 3), (u'v1', 3)]"
Video Tour of ArchReactor  the St. Louis Hackerspace,1,http://hackaday.com/2013/04/02/hackerspace-tour-arch-reactor-in-st-louis-missouri/,04 04 02:00,"[(u'hacks', 75), (u'original', 25), (u'2013', 10), (u'arch', 9), (u'april', 9), (u'reactor', 8), (u'comment', 8)]"
How to Fix the Patent Fix Were All In,6,http://www.wired.com/opinion/2013/04/this-is-how-to-fix-the-patent-fix-were-in/,04 04 02:00,"[(u'patent', 32), (u'rep', 28), (u'software', 21), (u'wired', 13), (u'patents', 12), (u'make', 9), (u'fix', 9)]"
Users don't want to be guided. They want to experiment. Our 2.0,1,http://blog.kera.io/post/46941176722/kera-2-0-your-very-own-get-started-widget,04 04 02:00,"[(u'realised', 41), (u'users', 11), (u'started', 6), (u'kera', 5), (u'build', 4), (u'missions', 4), (u'web', 3)]"
Jaroslav Flegr's Toxoplasma Theory,4,http://www.theatlantic.com/magazine/archive/2012/03/how-your-cat-is-making-you-crazy/308873/?single_page=true,04 04 02:00,"[(u'flegr', 27), (u'parasite', 19), (u'infected', 13), (u'richard', 13), (u'women', 9), (u'gondii', 9), (u'men', 8)]"
Radiohead &amp; other pioneers sour on 'pay what you want' music,3,http://www.theverge.com/2013/3/4/4054634/musics-pay-what-you-want-pioneers-sour-on-giving-away-songs,04 04 02:00,"[(u'songs', 36), (u'music', 27), (u'review', 25), (u'allrecent', 23), (u'posts', 20), (u'ago', 17), (u'inch', 12)]"
How We Increased Search Traffic by 22% in 3 Weeks,13,http://blog.mythly.com/increased-search-traffic-page-load-speed/2,04 04 02:00,"[(u'augmented', 34), (u'site', 26), (u'page', 20), (u'search', 18), (u'google', 15), (u'cloudflare', 14), (u'speed', 14)]"
Underwater: The Netherlands Falls Prey to Economic Crisis,2,http://www.spiegel.de/international/europe/economic-crisis-hits-the-netherlands-a-891919.html,04 04 02:00,"[(u'netherlands', 11), (u'spiegel', 11), (u'crisis', 9), (u'2013', 9), (u'economy', 8), (u'der', 7), (u'bank', 7)]"
Localize Your Node.js Service,8,https://hacks.mozilla.org/2013/04/localize-your-node-js-service-part-1-of-3-a-node-js-holiday-season-part-9/,04 04 02:00,"[(u'node', 19), (u'js', 16), (u'mozilla', 12), (u'language', 10), (u'part', 9), (u'i18n', 9), (u'user', 8)]"
Intrade Archive: Data for Posterity,1,http://www.behind-the-enemy-lines.com/2013/04/intrade-archive-data-for-posterity.html,04 04 02:00,"[(u'order', 16), (u'intrade', 11), (u'archive', 9), (u'data', 9), (u'april', 7), (u'february', 6), (u'october', 6)]"
The Underhanded C Contest Is Back,1,http://underhanded.xcott.com/,04 04 02:00,[]
Where GitHub Goes From Here,1,http://www.sdtimes.com/WHERE_GITHUB_GOES_FROM_HERE/By_Alex_Handy/About_GIT_and_GITHUB/41567,04 04 02:00,"[(u'sd', 16), (u'development', 1), (u'github', 1), (u'times', 1), (u'news', 1), (u'software', 1), (u'from', 0)]"
Where's the Innovation? It's at GDC,1,http://www.sdtimes.com/GAME_DEVELOPERS_CONFERENCE_SHOWS_INNOVATION_IN_SOFTWARE/By_Alex_Handy/About_GAMEDEVELOPERSCONFERENCE/41569,04 04 02:00,"[(u'shows', 19), (u'software', 2), (u'conference', 1), (u'development', 1), (u'innovation', 1), (u'times', 1), (u'game', 1)]"
Implementing a stack language in OCaml with continuations,1,http://alecbenzer.com/blog/stack-language-ocaml/,04 04 02:00,"[(u'stack', 36), (u'function', 21), (u'rest', 18), (u'push', 17), (u""run'"", 14), (u'add', 13), (u'pop', 10)]"
Linus's comment on understanding pointers explained.,2,http://grisha.org/blog/2013/04/02/linus-on-understanding-pointers/,04 04 02:00,"[(u'entry', 32), (u'conditionals', 19), (u'pointer', 8), (u'list', 8), (u'prev', 8), (u'pp', 6), (u'head', 6)]"
Kalman Reti  the Last Symbolics Developer  Speaks of Lisp Machines,1,http://www.loper-os.org/?p=932,04 04 02:00,"[(u'original', 31), (u'lisp', 10), (u'reply', 8), (u'stanislav', 8), (u'2012', 8), (u'symbolics', 6), (u'machines', 5)]"
Google Glass is available to rent,1,http://www.borrowlenses.com/Product.do?code=Google-Glass,04 04 02:00,"[(u'resolution', 20), (u'glass', 18), (u'rent', 13), (u'google', 10), (u'video', 8), (u'head', 6), (u'camera', 5)]"
"What Does ""Gamer"" Mean?",2,http://heartonomy.com/2013/04/what-does-gamer-mean/,04 04 02:00,"[(u'talk', 13), (u'games', 7), (u'gamer', 7), (u'game', 6), (u'gamers', 5), (u'people', 4), (u'perverse', 4)]"
Human bias vs. real-time machine learning in audience segmentation,1,http://www.voltari.com/blog/human-bias-vs-real-time-machine-learning-audience-segmentation,04 04 02:00,"[(u'voltari', 14), (u'audience', 13), (u'campaign', 7), (u'mobile', 7), (u'time', 7), (u'connect', 6), (u'movie', 6)]"
Yahoo Mail and Dropbox Team to Make Attachments Easier,3,http://ycorpblog.com/2013/04/02/yahoo-mail-and-dropbox-team-to-make-attachments-easier,04 04 02:00,"[(u'updates', 28), (u'yahoo', 15), (u'mail', 10), (u'dropbox', 9), (u'attachments', 5), (u'data', 5), (u'easier', 3)]"
Vegas startup buys 100 teslas,2,http://tech.co/downtown-project-100-vegas-startup-buys-100-teslas-2013-04,04 04 02:00,"[(u'100', 27), (u'project', 26), (u'car', 18), (u'downtown', 17), (u'scroll', 16), (u'tech', 13), (u'system', 12)]"
Helios - open source framework for mobile,1,https://blog.heroku.com/,04 04 02:00,"[(u'heroku', 40), (u'app', 24), (u'web', 22), (u'logs', 21), (u'stacks', 19), (u'router', 18), (u'performance', 18)]"
Prenda lawyers take Fifth Amendment; judge storms out: Were done,8,http://arstechnica.com/tech-policy/2013/04/prenda-lawyers-take-fifth-amendment-judge-storms-out-were-done/,04 04 02:00,"[(u'wake', 31), (u'ars', 13), (u'prenda', 10), (u'judge', 10), (u'law', 6), (u'wright', 6), (u'site', 5)]"
Microsoft Should Not Buy Netflix,2,http://www.thestreet.com/story/11884586/1/microsoft-should-not-buy-netflix.html,04 04 02:00,"[(u'netflix', 13), (u'trading', 11), (u'wall', 10), (u'money', 10), (u'real', 8), (u'cramer', 8), (u'microsoft', 7)]"
Facebook in talks to acquire Bang with Friends  TechCrunch reports,1,http://finance.yahoo.com/news/facebook-talks-acquire-bang-friends-102033492.html,04 04 02:00,"[(u'tickerthe', 31), (u'ago', 19), (u'hours', 18), (u'yahoo', 13), (u'minutes', 9), (u'facebook', 8), (u'0', 8)]"
Predictable Network Interface Names,1,http://www.freedesktop.org/wiki/Software/systemd/PredictableNetworkInterfaceNames,04 04 02:00,[]
This Material Will Power the Future  If Somebody Can Profit From It,1,http://www.wired.com/business/2013/04/tracking-graphenes-move-from-science-project-to-money-machine/all/,04 04 02:00,"[(u'graphene', 46), (u'university', 14), (u'wired', 13), (u'manchester', 11), (u'material', 9), (u'world', 9), (u'applications', 8)]"
JoikuShare: Share Phone Files with WiFi,1,http://www.joiku.com/joikushare,04 04 02:00,"[(u'joikushare', 22), (u'phone', 4), (u'wifi', 4), (u'ch', 3), (u'pct', 3), (u'13', 3), (u'share', 3)]"
Kera: User Progress Bars as a Service,1,https://www.kera.io/product,04 04 02:00,"[(u'order', 22), (u'users', 9), (u'missions', 4), (u'lets', 3), (u'kera', 3), (u'started', 3), (u'show', 2)]"
Poncho: a Ruby DSL for creating JSON REST APIs from Stripe,2,https://github.com/stripe/poncho,04 04 02:00,"[(u'validation', 37), (u'param', 32), (u'end', 24), (u'poncho', 23), (u'type', 16), (u'method', 15), (u'def', 13)]"
Baidu Eye (Baidu's Google Glass),2,http://translate.google.com/translate?sl=auto&tl=en&js=n&prev=_t&hl=en&ie=UTF-8&eotf=1&u=http%3A%2F%2Ftech.sina.com.cn%2Fi%2F2013-04-01%2F20238201671.shtml&act=url,04 04 02:00,"[(u'translationoriginalfrom', 16), (u'intranslateview', 1), (u'google', 1), (u'creolehebrewhindihungarianicelandicindonesianirishitalianjapanesekannadakoreanlaolatinlatvianlithuanianmacedonianmalaymaltesenorwegianpersianpolishportugueseromanianrussianserbianslovakslovenianspanishswahiliswedishtamilteluguthaiturkishukrainianurduvietnamesewelshyiddish', 1), (u'creolehebrewhindihungarianicelandicindonesianirishitalianjapanesekannadakoreanlaolatinlatvianlithuanianmacedonianmalaymaltesenorwegianpersianpolishportugueseromanianrussianserbianslovakslovenianspanishswahiliswedishtamilteluguthaiturkishukrainianurduvietnamesewelshyiddishto', 1), (u'language', 1), (u'afrikaansalbanianarabicarmenianazerbaijanibasquebelarusianbengalibulgariancatalanchinese', 1)]"
More Complicated Than It Needs To Be,1,http://mdswanson.com/blog/2013/04/02/more-complicated-than-it-needs-to-be.html,04 04 02:00,"[(u'suggestion', 13), (u'suggestions', 8), (u'end', 5), (u'current_user', 4), (u'2013', 4), (u'complicated', 4), (u'flash', 3)]"
'Game Of Thrones' Premiere Breaks Piracy Record: Largest Bittorrent Swarm,1,http://www.thewrap.com/tv/column-post/game-thrones-premiere-breaks-piracy-record-83526,04 04 02:00,"[(u'video', 16), (u'piracy', 12), (u'leno', 12), (u'premiere', 11), (u'jay', 10), (u'record', 10), (u'hbo', 8)]"
Feds affirm Apples bounce-back patent invalidation,3,http://arstechnica.com/tech-policy/2013/04/feds-affirm-apples-bounce-back-patent-invalidation/,04 04 02:00,"[(u'wake', 22), (u'ars', 12), (u'apple', 10), (u'patent', 10), (u'samsung', 7), (u'site', 5), (u'trial', 4)]"
Can Socialblood solve the global blood crisis? Seriously? ,1,http://news.ycombinator.com/item?id=5481496,04 04 02:00,"[(u'blood', 28), (u'crisis', 3), (u'solve', 3), (u'news', 2), (u""world's"", 2), (u'global', 2), (u'socialblood', 2)]"
Helios - open source framework for mobile,2,https://blog.heroku.com/archives/2013/4/2/helios,04 04 02:00,"[(u'order', 19), (u'helios', 7), (u'source', 6), (u'open', 6), (u'application', 4), (u'great', 4), (u'framework', 3)]"
SciGit - version control without the terminal,2,https://scigit.com/,04 04 02:00,"[(u""that's"", 19), (u'accounts', 8), (u'project', 7), (u'scigit', 6), (u'public', 5), (u'private', 5), (u'learn', 4)]"
Downtown Project Buys 100 Teslas To Launch Project 100,1,http://techcrunch.com/2013/04/02/downtown-project-buys-100-tesla-model-ss-to-launch-project-100-a-car-sharing-service-in-las-vegas/?utm_source=feedburner&utm_medium=feed&utm_campaign=Feed%3A+techcrunch%2Fstartups+(TechCrunch+%C2%BB+Startups),04 04 02:00,"[(u'project', 15), (u'100', 14), (u'vegas', 7), (u'las', 7), (u'tesla', 7), (u'downtown', 6), (u'car', 6)]"
Class-Divided Cities: San Francisco Edition,2,http://www.theatlanticcities.com/neighborhoods/2013/04/class-divided-cities-san-francisco-edition/4832/,04 04 02:00,"[(u'class', 56), (u'san', 45), (u'francisco', 39), (u'city', 27), (u'creative', 26), (u'percent', 24), (u'tract', 20)]"
Helios - an extensible open-source mobile backend framework,2,http://helios.io/,04 04 02:00,"[(u""that's"", 26), (u'helios', 14), (u'app', 14), (u'heroku', 8), (u'push', 5), (u'framework', 4), (u'backend', 4)]"
How We Increased Search Traffic by 22% in 3 Weeks for HowACarWorks.com,2,http://blog.mythly.com/increased-search-traffic-page-load-speed/,04 04 02:00,"[(u'augmented', 43), (u'site', 26), (u'page', 20), (u'search', 18), (u'google', 15), (u'cloudflare', 14), (u'speed', 14)]"
Amazon Takes on Dropbox With New Desktop File Syncing,2,http://www.webmonkey.com/2013/04/amazon-takes-on-dropbox-with-new-cloud-drive-file-syncing/,04 04 02:00,"[(u'drive', 14), (u'cloud', 13), (u'web', 8), (u'amazon', 8), (u'dropbox', 8), (u'desktop', 7), (u'privacy', 6)]"
APIs Will Soon Have A Major Impact on Your Healthcare,1,http://blog.smartbear.com/software-quality/bid/278037/How-APIs-Will-Soon-Affect-Your-Healthcare,04 04 02:00,"[(u'apis', 1), (u'healthcare', 1), (u'affect', 1), (u'soon', 0), (u'will', 0), (u'how', 0), (u'your', 0)]"
The 5 Biggest Mistakes in Mobile App Marketing,1,http://blog.kissmetrics.com/mistakes-in-app-marketing/,04 04 02:00,"[(u'app', 84), (u'mobile', 41), (u'customers', 27), (u'apps', 11), (u'time', 11), (u'customer', 10), (u'reviews', 9)]"
HTML/JS Demo: Tearable Cloth,23,http://codepen.io/stuffit/pen/KrAwx/gg,04 04 02:00,"[(u'left', 16), (u'page', 3), (u'panel', 3), (u'codepen', 3), (u'expand', 3), (u'code', 2), (u'save', 2)]"
Rethink: an interesting take on todo-lists,1,https://play.google.com/store/apps/details?id=com.unnull.apps.rethink,04 04 02:00,"[(u'app', 46), (u'melayu', 22), (u'data', 17), (u'location', 14), (u'read', 14), (u'network', 13), (u'tasks', 12)]"
A mother tongue spoken by millions of Americans still gets no respect,182,http://the-magazine.org/12/aint-no-reason,04 04 02:00,"[(u'charged', 37), (u'2013jan', 6), (u'2013feb', 4), (u'2012oct', 4), (u'28', 4), (u'term', 4), (u'2012nov', 4)]"
Changing our Users' Lives,2,https://medium.com/design-ux/3dabedeb4589,04 04 02:00,"[(u'people', 25), (u'community', 15), (u'avoid', 13), (u'instagram', 11), (u'users', 10), (u'lives', 8), (u'design', 6)]"
Helm  a browser concept,3,http://dewith.com/2013/helm-a-browser-concept/?utm_source=rss&utm_medium=rss&utm_campaign=helm-a-browser-concept,04 04 02:00,"[(u'browser', 21), (u'helm', 11), (u'concept', 9), (u'safari', 9), (u'page', 9), (u'love', 7), (u'design', 6)]"
New Options for ACM Authors to Manage Rights and Permissions,2,http://www.acm.org/news/featured/author-rights-management,04 04 02:00,"[(u'latest', 32), (u'acm', 21), (u'authors', 11), (u'rights', 8), (u'manage', 7), (u'access', 5), (u'conference', 5)]"
New digital mag for Austin  TX area looking for funding,1,http://www.kickstarter.com/projects/1133107296/citygram-magazine,04 04 02:00,"[(u'citygram', 55), (u'8th', 32), (u""you'll"", 28), (u'page', 20), (u'ad', 20), (u'shirt', 17), (u'magazine', 17)]"
IconFinder launches a marketplace for icons,1,http://thenextweb.com/dd/2013/04/02/iconfinder-marketplace/,04 04 02:00,"[(u'microsoft', 19), (u'icons', 7), (u'iconfinder', 7), (u'marketplace', 5), (u'icon', 5), (u'web', 4), (u'twitter', 4)]"
Can we patent life?,1,http://www.newyorker.com/online/blogs/elements/2013/04/myriad-genetics-patent-genes.html,04 04 02:00,"[(u'patent', 21), (u'genes', 15), (u'2009', 13), (u'myriad', 12), (u'patents', 11), (u'dna', 8), (u'yorker', 7)]"
Curl for the web,2,http://www.hurl.it/,04 04 02:00,"[(u'view', 15), (u'api', 4), (u'full', 2), (u'set', 1), (u'hurlhurl', 1), (u'debugging', 1), (u'twitter', 1)]"
Show HN: The Beginner's Guide to Bitcoin,1,http://www.bitcoinbeginner.com,04 04 02:00,"[(u'bitcoin', 29), (u'guide', 20), (u""beginner's"", 13), (u'bitcoins', 10), (u'advanced', 6), (u'page', 5), (u'started', 4)]"
Sequelize 1.6.0 - Eager loading ... finally :D,1,http://blog.sequelizejs.com/post/46949108134/v1-6-0-eager-loading-support-for-enums-decimals-and,04 04 02:00,"[(u'feature', 25), (u'sequelize', 16), (u'support', 10), (u'0', 9), (u'mysql', 9), (u'added', 8), (u'function', 8)]"
Creative JavaScript In Advertising,1,https://vimeo.com/61252376,04 04 02:00,"[(u'terms', 13), (u'vimeo', 11), (u'videos', 7), (u'video', 4), (u'creative', 3), (u'javascript', 3), (u'loading', 2)]"
Viral Loops Or Viral Oops? | Nir and Far,1,http://www.nirandfar.com/2013/04/viral-loops-or-viral-oops.html,04 04 02:00,[]
Quantum encryption keys obtained from a moving plane,2,http://arstechnica.com/science/2013/04/quantum-encryption-keys-obtained-from-a-moving-plane/,04 04 02:00,"[(u'ars', 13), (u'aircraft', 7), (u'keys', 7), (u'site', 6), (u'quantum', 5), (u'bits', 5), (u'years', 4)]"
Twitter for Business,1,https://business.twitter.com/,04 04 02:00,[]
DataRPM scores $250K  introduces Google-like big data searching,1,http://gigaom.com/2013/04/02/datarpm-scores-250k-introduces-google-like-big-data-searching/,04 04 02:00,[]
Samoa Air boss defends charging passengers by weight ,7,"http://www.bbc.co.uk/news/world-22001256
",04 04 02:00,[]
IT Failure and the Dehumanization of the Workforce,1,http://www.cioinsight.com/it-management/expert-voices/it-failure-and-the-dehumanization-of-the-workforce/,04 04 02:00,[]
Ask HN: Are there popular user communities for U.S. mobile developers?,1,http://news.ycombinator.com/item?id=5481331,04 04 02:00,[]
Multilocation DNS Looking Glass (DNS over HTTP),1,http://www.dns-lg.com,04 04 02:00,[]
Crawling Subreddits with an Extraction API,3,http://blog.embed.ly/post/46866021829/using-embedly-extract-to-find-out-whats-hot-on-reddit,04 04 02:00,[]
After S.F. and Portland  Zipcar brings Honda Fit EV to Los Angeles fleet,1,http://www.treehugger.com/cars/zipcar-brings-honda-fit-ev-los-angeles-fleet.html,04 04 02:00,[]
Restrictions On Post-Employment Behavior,1,"https://vcexperts.com/encyclopedia/chapters/restrictions-on-post-employment-behavior:-noncompetition,-nondisclosure,-and-work-for-hire",04 04 02:00,[]
Keeping startups honest: brutal  graded reviews by hackers.,1,http://compylr.com/,04 04 02:00,[]
Litecoin Passes $8.5 Million USD in 24hr Trading,1,https://www.bit-trader.net/litecoin-passes-8-5-million-usd-in-24hr-trading/,04 04 02:00,[]
APIs are the new patents,2,http://api500.com/post/46951162382/apis-are-the-new-patents,04 04 02:00,[]
Cleverbot opens up API,1,http://www.cleverscript.com/,04 04 02:00,[]
Finding a Coder When You Don't Know How to Code,1,http://boss.blogs.nytimes.com/2013/04/02/finding-a-coder-when-you-dont-know-how-to-code/,04 04 02:00,[]
ShowHN: Find Twitter users on LinkedIn,1,http://blog.streamified.com/post/46950917337/finding-twitter-users-on-linkedin-to-create-sales,04 04 02:00,[]
Solving New Yorks talent problem,1,http://pandodaily.com/2013/04/02/solving-new-yorks-talent-problem/,04 04 02:00,[]